sample_id,age,prediction,error,missing_fraction,flag_over_1pct_missing
GSM491939,56,55.840496,-0.1595039999999983,0.00029008630067445067,False
GSM491940,62,57.421513,-4.578487000000003,0.0002538255130901443,False
GSM491943,65,61.740322,-3.259678000000001,0.00021756472550583798,False
GSM491944,71,60.328392,-10.671607999999999,0.00010878236275291899,False
GSM491947,76,63.38572,-12.61428,0.00018130393792153166,False
GSM491949,76,71.72261,-4.277389999999997,0.00029008630067445067,False
GSM491954,59,56.081627,-2.9183730000000025,0.00039886866342736966,False
GSM491963,73,68.80492,-4.195080000000004,0.0002538255130901443,False
GSM491966,58,67.18642,9.186419999999998,0.00039886866342736966,False
GSM491967,63,56.09974,-6.900260000000003,0.00029008630067445067,False
GSM491970,74,67.19445,-6.805549999999997,0.0002538255130901443,False
GSM491971,74,62.576546,-11.423454,0.00018130393792153166,False
GSM491976,55,46.166065,-8.833934999999997,0.0026832982812386684,False
GSM491977,75,72.31555,-2.6844499999999982,0.0026832982812386684,False
GSM491980,62,54.94347,-7.056530000000002,0.0013416491406193342,False
GSM491984,59,54.344917,-4.655082999999998,0.00043512945101167595,False
GSM491988,66,62.786957,-3.213042999999999,0.0014504315033722532,False
GSM491989,62,62.2648,0.26480000000000103,0.0009427804771919646,False
GSM491993,57,63.818184,6.818184000000002,0.0014504315033722532,False
GSM491996,75,63.799034,-11.200966000000001,0.0017767785916310101,False
GSM491997,58,54.67072,-3.329279999999997,0.0010153020523605773,False
GSM492000,71,54.842644,-16.157356,0.0008702589020233519,False
GSM492001,59,63.739044,4.739044,0.0006889549641018203,False
GSM492003,68,63.0603,-4.939700000000002,0.0008702589020233519,False
GSM492006,61,59.611122,-1.3888779999999983,0.0008339981144390457,False
GSM492010,58,65.15606,7.1560599999999965,0.0009427804771919646,False
GSM492014,64,59.716576,-4.283423999999997,0.0005076510261802886,False
GSM492017,73,62.388794,-10.611206000000003,0.0012328667778664152,False
GSM492018,57,48.567245,-8.432755,0.0013416491406193342,False
GSM492019,55,44.703262,-10.296737999999998,0.000761476539270433,False
GSM492020,61,59.42476,-1.5752400000000009,0.0006526941765175139,False
GSM492022,76,60.391582,-15.608418,0.0003626078758430633,False
GSM492023,73,59.16163,-13.838369999999998,0.0006526941765175139,False
GSM492026,56,60.980278,4.980277999999998,0.0004713902385959823,False
GSM492027,66,60.50652,-5.493479999999998,0.00039886866342736966,False
GSM492030,60,53.970364,-6.0296360000000035,0.0008702589020233519,False
GSM492033,55,54.557156,-0.4428440000000009,0.0006526941765175139,False
GSM492034,61,52.949562,-8.050438,0.0006164333889332076,False
GSM492039,58,59.228325,1.2283249999999981,0.00039886866342736966,False
GSM492040,74,70.09874,-3.9012599999999935,0.0006526941765175139,False
GSM492045,58,54.073524,-3.926476000000001,0.0012328667778664152,False
GSM492046,59,72.24321,13.243210000000005,0.0012691275654507215,False
GSM492050,68,66.49419,-1.5058099999999968,0.0013416491406193342,False
GSM492054,70,72.870705,2.870705000000001,0.001994343317136848,False
GSM492055,59,59.817547,0.8175469999999976,0.001196605990282109,False
GSM492058,60,70.65142,10.651420000000002,0.007868590905794474,False
GSM492059,56,51.11261,-4.8873900000000035,0.000979041264776271,False
GSM492062,63,58.44213,-4.557870000000001,0.0009065196896076582,False
GSM492065,59,59.478195,0.4781949999999995,0.0011603452026978027,False
GSM492067,56,48.943512,-7.056488000000002,0.0003626078758430633,False
GSM492071,61,66.13551,5.1355099999999965,0.0003626078758430633,False
GSM492072,70,58.33251,-11.66749,0.00029008630067445067,False
GSM492075,57,55.56687,-1.4331299999999985,0.0005801726013489013,False
GSM492078,70,63.106983,-6.893017,0.00043512945101167595,False
GSM492081,52,52.719276,0.7192760000000007,7.252157516861267e-05,False
GSM492083,55,51.79795,-3.20205,0.0002538255130901443,False
GSM492084,70,69.82654,-0.17346000000000572,0.00039886866342736966,False
GSM492085,53,46.43972,-6.560279999999999,0.0003626078758430633,False
GSM492087,69,66.18263,-2.817369999999997,0.00014504315033722533,False
GSM492088,74,59.514458,-14.485542000000002,0.00032634708825875696,False
GSM492089,59,58.99073,-0.009270000000000778,0.00039886866342736966,False
GSM492092,68,59.481556,-8.518444000000002,0.0003626078758430633,False
GSM492095,59,59.764683,0.764682999999998,0.00018130393792153166,False
GSM492096,70,63.243477,-6.756523000000001,0.0003626078758430633,False
GSM492099,64,46.790924,-17.209076000000003,0.0003626078758430633,False
GSM492104,58,55.763355,-2.236645000000003,0.0031909493074189573,False
GSM492105,72,63.615623,-8.384377,0.0016679962288780913,False
GSM492108,65,63.251846,-1.7481539999999995,0.0008339981144390457,False
GSM492111,73,48.26083,-24.73917,0.00032634708825875696,False
GSM492112,56,37.34878,-18.651220000000002,0.0010153020523605773,False
GSM492116,73,69.932144,-3.067856000000006,0.00018130393792153166,False
GSM492119,69,67.34742,-1.6525800000000004,0.00014504315033722533,False
GSM492122,77,71.34509,-5.654910000000001,0.00010878236275291899,False
GSM492123,66,55.119972,-10.880028000000003,0.00043512945101167595,False
GSM492125,62,61.625298,-0.3747019999999992,0.0014504315033722532,False
GSM492126,70,67.25687,-2.7431299999999936,0.003045906157081732,False
GSM492127,61,46.7388,-14.261200000000002,0.0018855609543839292,False
GSM492130,73,70.01002,-2.9899800000000027,0.0011240844151134963,False
GSM492131,65,63.729042,-1.2709580000000003,0.000979041264776271,False
GSM492134,71,69.65288,-1.3471200000000039,0.000761476539270433,False
GSM492138,58,62.444458,4.444457999999997,0.00032634708825875696,False
GSM492139,65,64.28676,-0.713239999999999,0.00010878236275291899,False
GSM492142,56,66.459885,10.459885,0.0004713902385959823,False
GSM492145,75,62.307774,-12.692225999999998,0.00021756472550583798,False
GSM492146,56,54.15182,-1.8481799999999993,0.0006526941765175139,False
GSM492149,74,-28.404697,-102.404697,0.5687141924722605,True
GSM492153,58,56.46572,-1.5342800000000025,0.00029008630067445067,False
GSM492156,73,61.089146,-11.910854,0.00029008630067445067,False
GSM492159,70,68.805115,-1.1948849999999993,0.0002538255130901443,False
GSM492161,55,55.671757,0.6717569999999995,0.000543911813764595,False
GSM492164,71,54.28875,-16.71125,0.00043512945101167595,False
GSM492165,64,65.371704,1.371703999999994,0.0002538255130901443,False
GSM492171,69,60.242428,-8.757572000000003,0.00043512945101167595,False
GSM492172,72,51.33894,-20.66106,7.252157516861267e-05,False
GSM492173,60,63.544342,3.5443420000000003,0.00032634708825875696,False
GSM492176,71,46.947826,-24.052174,0.0006526941765175139,False
GSM492177,73,69.80536,-3.194640000000007,0.000761476539270433,False
GSM492179,72,60.34149,-11.65851,0.00029008630067445067,False
GSM492180,60,101.66983,41.669830000000005,0.0006889549641018203,False
GSM492185,66,69.38951,3.3895100000000014,0.000543911813764595,False
GSM492191,75,63.597443,-11.402557000000002,0.000543911813764595,False
GSM492192,71,74.55145,3.5514500000000027,0.0005076510261802886,False
GSM492196,56,43.422516,-12.577483999999998,0.0006889549641018203,False
GSM492200,65,50.05241,-14.947589999999998,0.00043512945101167595,False
GSM492203,65,56.224575,-8.775424999999998,0.000761476539270433,False
GSM492206,69,65.003204,-3.9967960000000033,0.0011240844151134963,False
GSM492210,72,63.094666,-8.905334000000003,0.0009427804771919646,False
GSM492213,66,60.259636,-5.740364,0.0005076510261802886,False
GSM492216,55,52.97448,-2.02552,0.0007252157516861266,False
GSM492217,70,67.21335,-2.7866499999999945,0.0006164333889332076,False
GSM492219,59,54.654366,-4.345633999999997,0.000761476539270433,False
GSM492223,74,69.38495,-4.6150499999999965,0.0003626078758430633,False
GSM492224,63,51.30744,-11.69256,0.0010153020523605773,False
GSM492231,60,58.156075,-1.8439249999999987,0.00014504315033722533,False
GSM492234,63,72.27242,9.272419999999997,0.00021756472550583798,False
GSM492236,66,65.13808,-0.8619199999999978,0.00029008630067445067,False
GSM492237,70,71.06269,1.0626900000000035,0.00029008630067445067,False
GSM492242,57,64.36601,7.366010000000003,0.0005076510261802886,False
GSM492243,60,60.017696,0.017696000000000822,0.00018130393792153166,False
GSM492244,54,51.042534,-2.9574659999999966,0.00043512945101167595,False
GSM492251,58,58.754112,0.7541119999999992,0.0002538255130901443,False
GSM492252,63,58.131493,-4.868507000000001,0.00014504315033722533,False
GSM492258,69,61.232723,-7.767277,0.0009427804771919646,False
GSM492259,61,71.632545,10.632544999999993,0.0010515628399448836,False
GSM492263,57,51.057793,-5.942207000000003,0.001196605990282109,False
GSM492266,78,77.60893,-0.39106999999999914,0.0004713902385959823,False
GSM492269,56,58.3097,2.3096999999999994,0.0008339981144390457,False
GSM492270,69,61.397564,-7.602435999999997,0.0007252157516861266,False
GSM492275,53,49.794277,-3.205722999999999,0.00039886866342736966,False
GSM492277,72,66.5866,-5.413399999999996,0.000761476539270433,False
GSM492278,73,69.46057,-3.539429999999996,0.00018130393792153166,False
GSM492281,57,48.984295,-8.015704999999997,0.00043512945101167595,False
GSM492288,60,49.760086,-10.239913999999999,0.0008339981144390457,False
GSM492290,74,85.936935,11.936935000000005,0.001522953078540866,False
GSM492291,55,57.50152,2.5015199999999993,0.0012328667778664152,False
GSM492294,70,80.423775,10.423775000000006,0.001414170715787947,False
GSM492295,64,65.938614,1.9386140000000012,0.0012328667778664152,False
GSM492297,57,52.34516,-4.65484,0.0014504315033722532,False
GSM492298,75,70.4848,-4.515199999999993,0.0017767785916310101,False
GSM492303,63,63.908356,0.9083559999999977,0.0007977373268547393,False
GSM492304,72,70.07129,-1.9287099999999953,0.0020668648923054607,False
GSM492307,76,73.139656,-2.8603439999999978,0.0007977373268547393,False
GSM492308,65,6.267315,-58.732685000000004,0.2896149104358547,True
GSM492311,76,68.91854,-7.081460000000007,0.0006889549641018203,False
GSM492313,61,57.32918,-3.670819999999999,0.00021756472550583798,False
GSM492314,59,58.20789,-0.792110000000001,0.00029008630067445067,False
GSM492317,77,80.83882,3.8388199999999983,0.00039886866342736966,False
GSM492318,63,60.543224,-2.456775999999998,0.00039886866342736966,False
GSM492324,77,75.012024,-1.9879760000000033,0.00021756472550583798,False
GSM492328,56,53.19844,-2.801560000000002,0.00039886866342736966,False
GSM492331,59,63.171455,4.171455000000002,0.00029008630067445067,False
GSM492335,71,68.523254,-2.4767460000000057,0.00043512945101167595,False
GSM492336,74,68.14852,-5.851479999999995,0.00029008630067445067,False
GSM492337,64,74.939224,10.939223999999996,0.0007977373268547393,False
GSM492338,70,76.85318,6.853179999999995,0.0004713902385959823,False
GSM492344,60,66.38408,6.384079999999997,0.00010878236275291899,False
GSM492345,58,59.628613,1.6286130000000014,0.0004713902385959823,False
GSM492348,76,77.769485,1.769485000000003,0.0015954746537094786,False
GSM492354,63,61.669556,-1.330444,0.0014504315033722532,False
GSM492358,56,53.284187,-2.715812999999997,0.0011603452026978027,False
GSM492359,62,60.242672,-1.7573280000000011,0.004169990572195228,False
GSM492360,55,64.43134,9.431340000000006,0.0005076510261802886,False
GSM492361,73,77.817566,4.817565999999999,0.0006164333889332076,False
GSM492362,60,64.34172,4.341719999999995,0.0003626078758430633,False
GSM492363,57,77.87263,20.87263,0.0006889549641018203,False
GSM492364,65,71.2242,6.224199999999996,0.0004713902385959823,False
GSM492365,65,62.925613,-2.0743870000000015,0.0004713902385959823,False
GSM492366,60,57.359627,-2.6403729999999968,0.001994343317136848,False
GSM492367,62,62.130955,0.13095500000000015,0.00043512945101167595,False
GSM492368,70,60.13071,-9.86929,0.0005076510261802886,False
GSM492369,64,69.57311,5.57311,0.0005801726013489013,False
GSM492370,74,76.56911,2.569109999999995,0.0004713902385959823,False
GSM492371,70,74.14046,4.1404600000000045,0.0006526941765175139,False
GSM492372,70,74.77286,4.772859999999994,0.0004713902385959823,False
GSM492373,61,59.03795,-1.9620499999999979,0.001414170715787947,False
GSM492374,68,67.94249,-0.05750999999999351,0.0005801726013489013,False
GSM492375,69,64.38386,-4.6161400000000015,0.0009065196896076582,False
GSM492376,71,82.90161,11.901610000000005,0.000543911813764595,False
GSM492377,52,51.487534,-0.5124660000000034,0.0004713902385959823,False
GSM492378,57,64.849365,7.849365000000006,0.0006164333889332076,False
GSM492379,70,69.72401,-0.2759899999999931,0.0006889549641018203,False
GSM492380,70,69.76216,-0.2378400000000056,0.00032634708825875696,False
GSM492381,77,91.836945,14.836945,0.0007252157516861266,False
GSM492382,73,66.52496,-6.475040000000007,0.00032634708825875696,False
GSM492383,73,66.45394,-6.546059999999997,0.0007977373268547393,False
GSM492384,65,63.348347,-1.6516530000000031,0.0010153020523605773,False
GSM492385,56,58.551003,2.5510030000000015,0.0007252157516861266,False
GSM492386,61,58.5177,-2.482300000000002,0.00108782362752919,False
GSM492387,69,62.299904,-6.700096000000002,0.0012328667778664152,False
GSM492388,74,81.58107,7.581069999999997,0.0018130393792153165,False
GSM492389,63,63.73325,0.7332499999999982,0.0010515628399448836,False
GSM492390,68,70.022156,2.0221559999999954,0.0042062513597795346,False
GSM492391,73,70.34047,-2.6595300000000037,0.00039886866342736966,False
GSM492392,69,73.69664,4.696640000000002,0.0009065196896076582,False
GSM492393,65,63.813408,-1.1865919999999974,0.000761476539270433,False
GSM492394,72,70.497055,-1.5029449999999969,0.000761476539270433,False
GSM492395,57,62.809765,5.809764999999999,0.00032634708825875696,False
GSM492396,59,64.50741,5.507409999999993,0.000543911813764595,False
GSM492397,72,75.55521,3.5552100000000024,0.0002538255130901443,False
GSM492398,60,68.308014,8.308014,0.0006164333889332076,False
GSM492399,73,72.70697,-0.2930300000000017,0.0004713902385959823,False
GSM492400,75,68.050644,-6.9493559999999945,0.0002538255130901443,False
GSM492401,63,62.43227,-0.5677299999999974,0.0007252157516861266,False
GSM492402,70,68.42484,-1.5751599999999968,0.0004713902385959823,False
GSM492403,59,61.351578,2.3515780000000035,0.00043512945101167595,False
GSM492404,71,69.10725,-1.8927500000000066,0.000543911813764595,False
GSM492405,67,65.79422,-1.2057800000000043,0.00021756472550583798,False
GSM492406,70,60.03885,-9.961150000000004,0.0004713902385959823,False
GSM492407,74,76.807526,2.8075259999999957,0.00039886866342736966,False
GSM492408,66,65.37517,-0.6248300000000029,0.00029008630067445067,False
GSM492409,66,74.00897,8.008970000000005,0.000543911813764595,False
GSM492410,60,60.075874,0.07587399999999889,0.0007977373268547393,False
GSM492411,57,57.911293,0.9112930000000006,0.00018130393792153166,False
GSM492412,68,62.648613,-5.351387000000003,0.0006526941765175139,False
GSM492413,62,60.661377,-1.3386229999999983,0.0004713902385959823,False
GSM492414,60,57.542927,-2.457073000000001,0.00032634708825875696,False
GSM492415,64,74.83519,10.835189999999997,0.00032634708825875696,False
GSM492416,63,60.16816,-2.8318399999999997,0.0012691275654507215,False
GSM492417,65,57.051067,-7.948932999999997,0.0006164333889332076,False
GSM492418,61,35.077225,-25.922775,0.0007977373268547393,False
GSM492419,58,58.158024,0.1580239999999975,0.00043512945101167595,False
GSM492420,53,55.001087,2.0010869999999983,0.0004713902385959823,False
GSM492421,64,61.421227,-2.578772999999998,0.00043512945101167595,False
GSM492422,76,80.31781,4.317809999999994,0.0005076510261802886,False
GSM492423,60,57.79657,-2.2034299999999973,0.0006526941765175139,False
GSM492424,61,60.40725,-0.5927500000000023,0.0002538255130901443,False
GSM492425,55,60.379215,5.379215000000002,0.0004713902385959823,False
GSM492426,55,50.52995,-4.4700500000000005,0.00039886866342736966,False
GSM492427,70,70.34515,0.34515000000000384,0.00043512945101167595,False
GSM492428,54,55.667683,1.6676829999999967,0.0012691275654507215,False
GSM492429,63,60.52779,-2.472209999999997,0.00039886866342736966,False
GSM492430,65,56.27031,-8.729689999999998,0.0005801726013489013,False
GSM492431,68,62.968422,-5.031578000000003,0.00039886866342736966,False
GSM492432,71,66.95491,-4.045090000000002,0.00032634708825875696,False
GSM492433,58,65.1294,7.129400000000004,0.00018130393792153166,False
GSM492434,71,75.76261,4.762609999999995,0.00039886866342736966,False
GSM492435,77,72.49544,-4.504559999999998,0.0005076510261802886,False
GSM492436,63,60.392086,-2.607914000000001,0.00018130393792153166,False
GSM492437,73,70.40568,-2.594319999999996,0.00014504315033722533,False
GSM492438,65,70.0578,5.0578,0.00018130393792153166,False
GSM492439,63,64.580475,1.580475000000007,0.0002538255130901443,False
GSM492440,61,57.562737,-3.4372630000000015,0.0006889549641018203,False
GSM492441,65,63.23256,-1.7674400000000006,0.0005076510261802886,False
GSM492442,58,56.75112,-1.2488799999999998,0.0004713902385959823,False
GSM492443,63,67.87285,4.87285,0.00039886866342736966,False
GSM492444,75,68.958084,-6.0419160000000005,0.0003626078758430633,False
GSM492445,70,76.379654,6.379654000000002,0.0002538255130901443,False
GSM492446,62,51.039886,-10.960113999999997,0.00043512945101167595,False
GSM492447,73,63.452366,-9.547634000000002,0.00010878236275291899,False
GSM492448,71,72.99913,1.9991299999999939,0.0005076510261802886,False
GSM492449,78,77.76349,-0.23650999999999556,0.00032634708825875696,False
GSM492450,60,55.27007,-4.729930000000003,0.00032634708825875696,False
GSM492451,68,66.25176,-1.7482399999999956,0.0004713902385959823,False
GSM492452,56,53.55445,-2.4455499999999972,0.00021756472550583798,False
GSM492453,59,50.600685,-8.399315000000001,0.00043512945101167595,False
GSM492454,61,60.05419,-0.9458100000000016,0.0003626078758430633,False
GSM492455,56,61.96935,5.969349999999999,0.00043512945101167595,False
GSM492456,61,73.83934,12.839340000000007,0.00029008630067445067,False
GSM492458,58,57.73945,-0.26055000000000206,0.00029008630067445067,False
GSM492460,68,73.529816,5.529815999999997,0.00029008630067445067,False
GSM492462,63,80.59651,17.596509999999995,0.00043512945101167595,False
GSM492464,61,54.430416,-6.569583999999999,0.00039886866342736966,False
GSM492465,77,74.5789,-2.4210999999999956,0.0003626078758430633,False
GSM492466,60,60.452126,0.4521259999999998,0.0006164333889332076,False
GSM492467,57,56.967953,-0.032046999999998604,0.0008339981144390457,False
GSM492468,64,66.59022,2.590220000000002,0.0005801726013489013,False
GSM492469,59,71.543335,12.543334999999999,0.000979041264776271,False
GSM492470,64,62.454147,-1.545853000000001,0.001522953078540866,False
GSM492471,77,80.25663,3.2566300000000012,0.005983029951410545,False
GSM492472,58,50.86011,-7.139890000000001,0.0029371237943288126,False
GSM492473,61,59.279114,-1.7208860000000001,0.001631735441293785,False
GSM492474,72,70.0835,-1.9164999999999992,0.0006526941765175139,False
GSM492475,65,74.150444,9.150443999999993,0.00043512945101167595,False
GSM492476,64,55.493015,-8.506985,0.0009427804771919646,False
