group,study,metadata_error,microbiome_error,combined_error,metadata_minus_combined,microbiome_minus_combined
10317:00069244bd1f2b8987ec0be407f83eec727bd40dde9ff15d05497f7db0f60f551d4af74463256aae7abd00d1a3180ca506bd16e684d859304c2864b1c7e4a8f6,10317,9.13982866131895,9.128677571247103,8.557110173056827,0.5827184882621221,0.5715673981902754
10317:012c33f74519c193ec10f17ef58846a7db07b462e5497db82c40fedc4ca3edac7e3c610143fdb11e0e0617da7dcd562ee2bf2be850227286ef06ab72c6361d25,10317,13.068438824194352,13.464583333333334,15.019847595232818,-1.9514087710384658,-1.5552642618994845
10317:0195d329f030b0250f2e009ac656b8ee7c006c3a064b6d08770ecd7067bf4098cd0fb82f552a671d583f26002b4f2753d6bca1b02521b55faac3ba0bc1e64d8a,10317,21.123052929436465,20.354166666666668,20.153042352068727,0.9700105773677379,0.20112431459794067
10317:03c0867966fe2299eb3b09291d5f0834310bdf5fceed9c9b7b397570bf8f2d2adaeb945c824ff0cb407abaf691b8173cfa03c4f8eb17e6dd9f6eda17502e66e4,10317,13.128523699971455,5.093601190476191,6.249224260314965,6.8792994396564895,-1.1556230698387742
10317:0610dc25baabfb768bd6465f009077ba740694d1c37591ea165a6eed61b038ba1fd9167c4f0efbd5cd490953bcd66ea07e9d8b594234539c2e566f09dd0e4699,10317,3.7465541120871975,1.1197916666666667,1.390311256343414,2.3562428557437833,-0.27051958967674716
10317:067f46a4c1905f4c5da538e403fcc7d5af159a01e7cf12222f38ba20baa75d47585bf073da073889ebf123e47d4d51985f22c2591db7d64cd298c3fefa779aaa,10317,27.51288583505493,13.941666666666668,20.183533019263326,7.329352815791605,-6.241866352596658
10317:06cf6f63a01f0bbf35a097b00d8e378ca6a8df068d8f99cb73feead69c041664f4cbec9fbc91e7f587844c43d5c16bab7d422b2890e7a2805db632fccecc39a0,10317,12.55760628918968,3.28125,5.280172085886849,7.277434203302831,-1.998922085886849
10317:08b8c7c89d71fbf3c7c45e4e838c5e9f6a9275be245ff743f08495d4e80cd9e519926d3080aa03f7db3b66c131808ba6bc500ce102040e341c7b930462457631,10317,21.06590130646806,23.084395311272385,21.02504408665879,0.040857219809268486,2.059351224613593
10317:0bcb4e3d31b0b117c3b6fa86fc51584ae6a9aa505a981882486f137cc53b9ca3d82e6e63f354b102ed104a17e902d66783bd63854c3549b887a4be67e55128ab,10317,7.312673065094887,14.899999999999999,10.985418799665139,-3.6727457345702517,3.91458120033486
10317:0c2dd9543685a21b0e6e26055bb6623e91dd2d77a34a450a1f4c666e6c8726990361f37c3c84c16b86b8d7ac7ac715d380ccc2006772a5e62b5bda6c41b96f13,10317,13.002180749943035,6.73125,11.196420793057884,1.8057599568851508,-4.465170793057884
10317:0c3091f23d30ee5b470301f691493df51f63050506428f17d14304a92cb2773c926aa8302e810812195b2fb3442ae4405b25774e783a0dea0554adffa5e317c5,10317,5.311343498630785,11.769791666666668,5.657845863539514,-0.3465023649087291,6.1119458031271545
10317:0cded5ec882014d599e408a086631081c42e2f070234c9e90d7244cf5e39d7d4150b713faf80aed64afaf4dd8ff14b76e9e204f93500060792828269add5de56,10317,6.230886996461419,0.754774870590237,4.804499954678039,1.4263870417833804,-4.049725084087802
10317:103ec97d34a8daf110102310e23be292392f51db75531458f8f135039cb11fbaeed1ebd8c2cbfd97772d62c72352ab5c467dccf59885d5c82f03531039a41827,10317,3.2582000138363867,5.508986512580677,0.7358744969020586,2.522325516934328,4.773112015678618
10317:1044942a7b8a90539218b4698c4b9c3fcdfa273fbbaae3fd79cc45fa05997f6e566261c304f4eb18014b4d7f09e95259f47b9afe6b589a6d2fabfacc7e2a09b7,10317,3.1289580036169107,1.4941132428885533,2.31903170305874,0.8099263005581707,-0.8249184601701867
10317:10c8546946a2e2010a75c89453b040665e96df1bb29926bbc6a4b848240f3496cf382414067385add4d4efb3f09315e48b6000a82bc428ab354207875c319ac4,10317,15.806116704940981,20.964583333333334,17.79112771854092,-1.985011013599939,3.173455614792413
10317:11a164f633168118e0565026872fa35afedfe2bae4497973a70320675455a4b33dc3ad7a7c30d5087e7928b80c4f712a6b4192465f4342ce940fa7e45758084d,10317,10.801728246916868,1.5530741321347723,5.697406535820607,5.104321711096261,-4.144332403685835
10317:14023540704b6bc088ad4121fb1e4bb829db0af84dceeb6083083578533680a085ce6473901b2aa79e3843299e1ef69adfd4af41442ee2e3ba1981a43c5fea09,10317,10.419764955792864,0.6075817608835029,5.087095109363176,5.332669846429688,-4.479513348479673
10317:169fc8e4a87bbb9fd81677779eb46fc8c4e57700e8a9fe6448edd4c1b573f6c2885cef43b7349fe9fa37dfd3379bc8b84b536aefeb7c6610a495bc898a20d1b7,10317,5.270749883085164,15.335416666666667,8.519172143147161,-3.2484222600619974,6.816244523519506
10317:1828cb0e8db79ff7771af2763605e12af956358756170093e17230a4ffb081fdfb2040dc65ff286b54429aedd73f9630fd5d98b9a5ad628c6116a74fb994dcf8,10317,6.469115154318434,1.727083333333334,2.8709684755738287,3.5981466787446053,-1.1438851422404948
10317:18f2e49afddb67b3c360c48826bfc2787ccc26e275825c6dd9afebc62893f5e57bcee0a02aedb777006db6eb53183d6c85508ad34d318c8120de7628c5f74232,10317,10.212147254351533,13.427083333333334,10.429715302734587,-0.217568048383054,2.9973680305987465
10317:1949c4d7f21b55f1e00af274c955be77947294d6ec424b2079e89205b36ed147727eed570662c7673f354f42b11ea00ee970e7e216e0a45d7e022359783d8aae,10317,19.030027846660676,16.0,17.39393741643867,1.636090430222005,-1.3939374164386713
10317:1975e7358673c93bbe5c29e1d1c529a83458e54503ca2e451dd8757d3f8bb013669586401169beb5fc69b14ab9cb93ec3b7361560a74fadc26bf03b377c16c85,10317,7.991751541800231,1.3410241732675203,5.276962223007193,2.714789318793038,-3.935938049739673
10317:198ec54664604b9ea87e10f11a6d8349037bf3b4e018e7fb9998979245d8f2079c24bef91d79183b5ff2e19efdc4c846a59dec7189d1fe7235717e66307e1a72,10317,11.85438530656792,4.267708333333334,7.214767992049809,4.639617314518111,-2.9470596587164746
10317:1a5e088d33b2528cfe40203fda9bfcd0dc35268782b9d69c13311dd8036aba48919cd2bc59d125b4622ddb34b727a0f4ee6ab054d9cba2d3fd100fcbe69d7a21,10317,21.37716562774391,12.192706363265962,18.10451764288843,3.2726479848554817,-5.911811279622466
10317:1b595cbd54b82f80c4b023585b3a8baad15d027aab0c5b04a69b8c3e9e5d48bfcb2d532872548685bc12d0c706255362bb8a230524186fc6cc64f429295eb166,10317,13.757837992295633,12.854166666666666,10.762594646038272,2.995243346257361,2.0915720206283943
10317:1c1595cde947e2229328634b1257ec5f5c6bf890d5eb88d65618fda2567f5b28fe935303746ce0cd8771db48dc0a929a39b186bfef9fe0ee516d2a408a7ff58d,10317,21.659899825821043,9.980675368835996,17.706408258915037,3.9534915669060062,-7.7257328900790405
10317:1c1b943df02cc46512abc94ff23e6a911e98427d63e06b7083bbfc52367f051a310a8bc2a0c971a6302a5550414d984988f69258ecf789af12a5f5e19514d5cf,10317,19.440988672256932,20.192085571812072,17.737474241202097,1.7035144310548347,2.454611330609975
10317:1cdc297c8f2ba505978edaff0ca8a91960f6e37bcadd2d77435d2c65097bb57ad3ff6cc0fa9a2fb4694f352f0371cbd3faae7bad89ff335242858790807507c1,10317,9.798910272029394,13.731249999999998,9.19617647202069,0.6027338000087035,4.535073527979307
10317:1d0709acc0c4aa263f168023a3a96ba1e15b95b6c4da81b87f5ddab0fd7d047df0459ece7e25369bc5583a334c204f19a8ed16ff150ddaef72703a971dafa3b9,10317,2.9077421996811808,1.6654504246734407,2.0070910448728205,0.9006511548083602,-0.3416406201993798
10317:2001cd96b41443702fff754af1697cfbdfad013781990354ba66abf4ba4c1619b3b03ab3cbeff986588254af06fd1bb16cb541da65af96468b507f8eedd4e51f,10317,3.5754388397058583,12.928125000000001,6.369136529538147,-2.7936976898322885,6.558988470461855
10317:219fdff6b9dcec67c1aa0b866cb025d68ac35295256f63c520911912293fe0849d61cd408675c0305a5c92df708363f8172fc8e6969982b5a49c4e44d28547fb,10317,18.81914757438255,13.207291666666668,18.29006126417566,0.5290863102068926,-5.082769597508991
10317:22d2760f969511df810ec5b468e81eb97e8822f3d303b2f72a874ee4196f9a705e1460b3be27a0a183fa9f8847872de4f8bf255567a7def57c62e260e4d758f0,10317,14.88410977913363,16.808333333333334,15.779793603624897,-0.8956838244912682,1.0285397297084362
10317:247ebb14f6dfcf8839f209aeb66c1f16f579162fc35aab08f18db6328b9ebbe7785cbc9394ed8d5c92ea65a93f9129469fbd86e96009e7e4f2ac54540bbf9d4f,10317,5.315001001805155,3.4208518058743422,4.425558614908863,0.8894423868962917,-1.0047068090345208
10317:24db95a0fff05317ac8b5599cf1761f34d17a8c471ebd2076362229133486e3aacd033d8185a95ec741839e8194f0f1ea58128c7c0ff69e8f994f15d4f5e3f1d,10317,0.30356703170285,1.1809227462950247,0.6463873193042318,-0.3428202876013818,0.5345354269907929
10317:271445d9d2f17a19777c6abc5576840700fc57ecb19654f09610d4d1187e722ba995215d7e0cdfd20bd17f6a11fcb5232973c72d5d66bf7a0933e78b7d8aeabc,10317,2.946509392410725,3.6896726969202143,0.8870442960529749,2.05946509635775,2.8026284008672393
10317:296d3619f89620d7a1813eded08db85d465fbadcd5c992b8a0df0a8fa6163430bd5551d6a56e69f72d9f2bd4931877236ea9dc795fe08d7859973e3711bf2616,10317,19.72876632899302,24.07205471172203,21.94302433871483,-2.21425800972181,2.129030373007197
10317:2b9cd37b03a34e4fed908599b8aedfd4277f38cd704e2625664f495885508a6c40fe8b88f3c9b254c454e5fdcaeef45ed360aa3202dd2bd6326d6e5df964004a,10317,22.616162963824195,18.250726313631322,19.26123241628477,3.354930547539425,-1.0105061026534479
10317:2bbbda8f68f57e1c57d3e97ada9c16a61165e5a3a31f556df77429e4efca7c8de4a4dd989152a974f15603348945abd6a2335caec0d3d6fe9e7136e3865909bc,10317,10.165389064936168,8.679102715988058,7.068834929807812,3.096554135128356,1.6102677861802466
10317:2c1dc7180a23c9b4b53377ef49354e5a65ac187f6b2e4c844d48fd9ce66134f3da5f2dca02c0517797503a34ddc875a23897cd9d5727c990e46a58599759b35a,10317,5.152498001191378,3.5071848009298137,5.6891086741084935,-0.5366106729171154,-2.18192387317868
10317:2c2e468c2481938c25962a208bec11d9f0eeca11f8a06d48aa50be31a747dd0327f6137458e4dfda584fc42b4c5f35613440eef5b177a1d0569e16e7432648dd,10317,17.45054942277517,15.234224159096145,13.2977280798314,4.152821342943769,1.9364960792647459
10317:2c781cf584aee5d39efce29589579b7dd2febe3a4bfa62c60433de1447518df5880335cd63d2437a93a394f955e59f77d49504cf3a905aa0691d531a5832b69b,10317,20.40077778252053,11.6,17.145018762242916,3.2557590202776154,-5.545018762242917
10317:2cadcc9c9bb4b3018c35f7012a5f45417f5e7d3c5a8205a3e266e3994e6d3a312146e795ee10a538d9dcde6a356e15798fdfc96aea7f23df2c8c505d8bb465a4,10317,22.730449593586815,12.672916666666667,18.958486550610832,3.771963042975983,-6.285569883944165
10317:2f99bf4f7ec4110bbb356ecafe18a81cf99c407dc04127efbbe24227d256b81c690640ad22fa2a115f1adb9a603c2509999f0325292f5ad6c80144726ff29fb3,10317,9.06382881219998,10.152083333333332,9.93442726162411,-0.870598449424131,0.21765607170922152
10317:2fe8dc51162640ecda81c266c7b13a12fa0b362550125c042231ebf311ae65b5597119ff4c21bc3e0d2daf7c54569db93c6d59b2cd8c7abd7c7e43d806b66718,10317,8.926665425503641,5.365624999999999,7.419591965226126,1.5070734602775149,-2.0539669652261274
10317:30d7ca7c505d10cb4c76c0443a75de8f2f826d67386377db4fa33b8983b7e1be84ec36794891a1993f919a1c5c528a78e39e90c8c94320bc3b555e3aa3643685,10317,28.89319109560957,23.031944444444445,29.29273637238964,-0.3995452767800707,-6.260791927945196
10317:338bb7890bb4108f90b5027f8ffed6cd6fd3fb3d5a8f0bfa9f16a9dc184403e392c5429f663b0c7929ed1a431187e38fb9303f5d93da105fda803ec085f157e6,10317,7.975397127571064,5.468750000000003,6.94705806770273,1.0283390598683342,-1.4783080677027272
10317:33ba8a7afe558034e3f527d8bcded781b3a03f65b84046973746dc39322e5974f8eea69a05cf01664cb731c14698655a03f89a9740b6d8a90c6d209b076ef538,10317,12.44538094195204,13.048032402667914,9.501079027294203,2.944301914657837,3.546953375373711
10317:33f6eb641f0e5c66654a93864fec0950724028557f530a644e104dc1d7f29bec16c25352f4cffae510cf433760537423b71c5a032a7e279e0c197c4df1d601a4,10317,6.046368609509519,3.6407281151940047,4.664706985737741,1.3816616237717776,-1.0239788705437363
10317:3483b70983107b3501a2fdeab0f7e00b06ec05b5a7afdf499c410267e4aa99ea36b3643db981cdf6f557435d6ff028c1059e2bc75261e6f468598f093fde8b72,10317,2.2678198163741623,3.3784722222222223,3.517176106164788,-1.2493562897906259,-0.13870388394256583
10317:356171d003a70eda05dbc44ca7f1c23e803cbba14631a5247db7774ba0e837cd853a804b6bc41bc084b8849021f84c1c780ad04856231b70f72faf5ef5b4bcbf,10317,9.394508226884906,7.648703890710099,9.127887503268466,0.2666207236164393,-1.4791836125583675
10317:35ad3a0f8be46af7197f78a77d7f387c0c7eaf6f1a077f0e0176fc9111103db539f114ea70834449cb5b086a49f41113f54c36fb5bbd31c5afcbf0a1d618fe92,10317,16.387466905742745,14.045833333333334,14.500659893227578,1.8868070125151668,-0.4548265598942436
10317:360142d429f5a04200879be165fb723bf12539081381440cf759835fb3170ff29aaa9a46fc10cd08978857e2a1b86e035e65a80f5deb8234c611dcce54708792,10317,7.345586935150315,4.568749999999999,7.317409029272184,0.02817790587813107,-2.7486590292721855
10317:37d8f6f7e4e484018175eb77bb7510245502c3c3d85c9a1874de9d25b0c5fe27d21dbcbe36e8c6663360590a8287912cd7e945311f2e50e46afc4ca3b709cc02,10317,15.829546861793894,13.89375,13.336587293813832,2.492959567980062,0.557162706186169
10317:38b52d80745205082d2b0768d21dd49bd97b0762ddb17ec4e549c69b3b75f17167733bf4a73fe6fdc52037e40d6b89fc512dffe4c7ea605af2290fac125f6726,10317,16.837544664116493,17.777083333333334,13.92828847108562,2.9092561930308722,3.848794862247713
10317:39bccde315a4d2e26bd21d11d8612666496433302b42a988f2e86dbe04d585b4ed30f82357ad21121e121b84ba5b37d2ecaf536b10e6faf7bae853217d2e1db6,10317,15.390849248708852,16.266600756266946,14.591884643143159,0.7989646055656934,1.6747161131237878
10317:39f71cf33f09de164d937b070afbdb0ae6316326fe838edc8aeebb9c941d1edd0c4b841e5e1b5c435cf9310595d4cb9a17a4d2777234628da9e9e7e1cc78e36f,10317,9.058334877049639,3.6801193791342484,3.6455178148894376,5.412817062160201,0.034601564244810756
10317:3b7d34b44f72e95e00448cb043d5340d44117ce7280c30460dfe394894b0822d4c1583a47eb25eb49e50c149a7e5dc6a736132da19792ffbd2156208e0e9cebf,10317,3.061136482324374,1.1645833333333329,1.8460477192904083,1.2150887630339657,-0.6814643859570755
10317:3c63e41945a68fe74a43d054231d84ae90b185102915cbf4e13a11155b618c9d46daa02e507790f8529e4ff507dcc94f8b67e321b3ad761e17dfadff23c89742,10317,6.744801320685551,4.8520833333333355,5.019929846713363,1.724871473972188,-0.16784651338002732
10317:3e61f3e0bf34ee92653b3e1a4bce3fbbf22e7a5be5fc03a5c5d44f0d311d4f9ec4e1c0d98964bdbdf2f1d537fbd16c0b62503f50d8923e608eb8aacd64cb9fa3,10317,8.123186996368325,8.993750000000002,10.357055010565865,-2.23386801419754,-1.3633050105658633
10317:3e74c911b962f0afc2cdf9be99137894321cd28afa86ae9be26bfba86712502c3e8a61b4db55401131c7c041ae071ba253516caa7a7f9fd61b5038eea71d7d41,10317,24.19079632803221,7.034375,11.380829615063334,12.809966712968876,-4.346454615063334
10317:3f3189bfab92107b05a629ba1be6aad212c75b4525d50b0789f4272ba27b446de5cf079bf1c30b52182f0e4ded874c59bc8e41d483192937641083f6a37b6a67,10317,6.659870757057509,12.29217837935501,6.975792363119116,-0.31592160606160746,5.316386016235893
10317:3f7869fcd99617b9f2bf18fbf0bd9979e5887887afaedf57e4fde973b8756b3be0e2e24ed76f875086eaf6c006b354b48c001d1a162093cbffe2caa0db0ecffc,10317,20.641371053906784,17.625,19.743461664286357,0.8979093896204269,-2.1184616642863574
10317:3fec78757c5821d558096acce3e9df6968ae564264912c66f6a851727ebd63c36eee0764c3d1e47c0813cb5998caa14cb2bec75ca8716e8e3437768b86b408aa,10317,0.737953938389064,3.2062499999999994,1.0557943750211567,-0.3178404366320927,2.150455624978843
10317:400d83c79d0086701c4c33b64a7e55f4f464325c35db42f0fed54c6d6f796d9b7943607ae3434897302c87033bd2704c82d5bed240c95f743566d2b3fd469f57,10317,7.311348973068185,1.384952653545092,1.9773132181415463,5.334035754926639,-0.5923605645964543
10317:414c5f35ed69875718a4e654e86d9ae09236801e1b9600a2d4851f548bd46eec37144f9d5a5816365a76c4dcc4550e15afddf35bb18d7f072fece2fae39cd58b,10317,22.74763594727948,18.49587836060053,18.12320094185774,4.624435005421741,0.37267741874278926
10317:41b53357cf00f0544b996f91bab7388aca97716b29b77d7791386ae687cbc26a2ab336f6353bae77995bc81fe3b1eb0b8fedcde9199244073099ff039c21ac0d,10317,12.533080951113512,15.340068573418586,12.06998278950097,0.4630981616125407,3.270085783917615
10317:4287cb26d2ebcaddb5129d95ff2d4ae496c47b0162672df93082abfc9303671b6d9332bfe211f6530019940e6d40144094a4bc4c012716375b5e72166c04b6e2,10317,20.846647653903005,19.95138888888889,23.92558614323831,-3.078938489335304,-3.97419725434942
10317:42aad521c038df949fad8060826afdde769401bb8b33ad632fd3209cd6d04c4e5106446ce4aef7bc16b30a904ca2d9896b24cf2ebff3881ae31264873b61c661,10317,17.684324435874714,11.804166666666665,13.221069050203774,4.463255385670941,-1.4169023835371082
10317:441ac85e1bd02fd74bfe5cd7d33fc7e79af9e5986e7d55e177b00f2dadef7b37442c83e626aa9eec53feaf0e250a42f14f03b147a269cd1c57142e99e994ff08,10317,4.685003277453229,5.233333333333333,4.216084388993546,0.4689188884596831,1.0172489443397872
10317:45e54011490a1e8319d45ba35b5c9c687e4ec395fd00d5bd3b927f21b897135e002c9c488ced29f5644e9cc87c9d6d420ce68c9a95f88b151cd7a4c6182ead64,10317,11.876813003631675,14.061458333333334,12.32557765163982,-0.44876464800814553,1.735880681693514
10317:482345a32e3a7b9b720d6fdc686fc3e70d753e64e43afd362ef02e1fc5dd37b501623bdb8a16c51af559d1fc8a5f1aea69b6791e90ce65954b3ece776b8e4868,10317,6.4658639452645374,6.3625,9.149251437831984,-2.683387492567446,-2.7867514378319838
10317:4863e557347469643abb13187a4c07e6d82a136b7e8ada704bcc1c6ea30fc2961e36855c2dfe883650d88cef48ae1161802be7c3b874b5f003569b1f51adc309,10317,16.88198444993237,21.192453276449616,16.807617431434576,0.07436701849779581,4.38483584501504
10317:48d391496558e01a0104b2b5a59686340e1e6a0399c13717e18c37dc683db8cf9db7b16ae3e331f1f78373cf02cfc7c9565ca3f6b2d6eae259d9401e7d93b863,10317,2.2735190079093925,5.84375,0.5133871089757326,1.7601318989336598,5.330362891024268
10317:48fd24a3221f83a24f4307730fea531db77cc72647a64a29ffcf0dd97f7305deea2b1e3c1cba32b3cbe473a91330373f80b78deedad17f887fccce56f5ebe393,10317,11.097076621295464,11.201041666666667,13.021621826528566,-1.9245452052331018,-1.8205801598618994
10317:4aa35b33ec066f163b8daeb1b8200f17ece0f58ed4de27fc1acf828c8864cb5dfb93c989fb4315cfe8721c8eed0e468a5da3102ea9bc9c107e0b214c031f5e1d,10317,2.5940367467055836,1.7416666666666671,2.512368268826544,0.08166847787903952,-0.7707016021598769
10317:4cd17ea33fe6b5736aded648ee2e6f2a14b3d6cfdc57435287f768540fd8a367a68d60e2f6cfbacb0a70e046163d74ba126bb1261c5a2fcd5f87bfd14bb4c7ae,10317,2.0659013064680614,3.1951891823917955,0.4171817479978941,1.6487195584701673,2.7780074343939014
10317:4f1f526cf557e60e9ce5eb0de9d3dd98225fb7747813f64b3d82c6051d735e3b82dfb7abb4f089fb6d86848d907502d663cb4d69dad26574b00e58d0fc884610,10317,20.726604555771576,21.304166666666667,19.129050604451653,1.5975539513199237,2.1751160622150145
10317:4f4512f9ca8dd41284a2463c8496ef3405ebc0188c8fcb1bacb236d71b61de04174823da6ad26715031b7936e03c152bc15cd335c36b25dee976cfdc089dd6e2,10317,1.2045594098577699,2.060006233929073,3.3147475404858846,-2.1101881306281145,-1.2547413065568116
10317:4fcea5cd0a1bce2d5eabe662e771f90edf941650014bd56668c6086d789fa2cff4cfcf939a865e51ba74bb1cbabc385ec9acbcc1b41ee41e0ddd437171849719,10317,12.893735187694217,17.902083333333334,13.133688641130048,-0.23995345343583097,4.768394692203286
10317:537aafb62a3a3b2aaa192863f0b56d8fa9e292bcf83e78ffff10ffa372470a7d9db35cb40b3e2ab58fbc446c04a2e5b7b934e0feab0f0dce92c02f9e59476330,10317,6.559011327743067,5.076615515567222,5.4295199217049825,1.1294914060380847,-0.3529044061377604
10317:552862a47c1f4572c6de06ef045a0b5dfe8124f8167b59fc9e3602a42e27303ea444e307e4d303917535cb422622610350e6897ddbc33a1a70a49944b51adc14,10317,25.28242976781982,26.291666666666668,25.310402961082143,-0.027973193262322837,0.9812637055845244
10317:576a03c295c356d35a0d25b2110dd88b3617bd98ae2ff786f650e35db756be0c2368e573093bcfce63e963af568b1198c749606c6e11a98ea707a8a38b2cb1b3,10317,21.157780399631395,22.83125,17.8570665960292,3.3007138036021964,4.974183403970802
10317:58d4b73b2478e68af9ec6ecd6f84a5c5b12f4bc9800c9f70889f2bf166a48e6c18a19edff402e2d4ba36c6c10a1cb0f060bef325706d3ec31b9f0e301d253e1a,10317,4.755216668674106,3.991666666666667,0.7908819390544579,3.9643347296196483,3.2007847276122092
10317:5917a22ca19367d0c27accc713d8781a073c9c1934d011ac6932648afb15315a7093a032134132de091a4406951dc0cf1616e1458c99936fe5356f19385255c0,10317,12.751812645854171,11.66389164119405,13.579670279337584,-0.8278576334834131,-1.915778638143534
10317:59c5a0dcd9d6d45203241bf0d68b0edca829b4582f84f330ac3af24222033b834f16c878479c24ee630d0f140e43b819dacac90ab05a15289947fda4549dfdec,10317,6.217688386664508,1.787499999999999,1.9822104628799668,4.235477923784542,-0.19471046287996785
10317:5bdd4aaf66380106e9a8cb6501a1fb4b37d078e2284e7a3cc179877b6b0db9ae596a7d760657f364b5592c1578ae5b8068df09c4ebd6be82e32cfcd9e5fd6c55,10317,19.35961590378045,12.233900220133146,12.64823449892227,6.711381404858182,-0.41433427878912354
10317:5cac11f98d016720bf90c511d008405a6bd9d9a9f5d68939414a0cad29cedd0b2aba4673b7615fc76fb17b76523634ebb166e93c77804249ebc70ba37d6de287,10317,12.647201567736927,1.2911263444063412,2.5200950914854054,10.127106476251521,-1.2289687470790642
10317:5e5f5fc79a512a180eb0cd63fa75b7307715996b1aff58edbefb0ed0d6548904bf74f95a466efb9525a910f69150d98cfae7b1c55b9bf3e278b402a8439e8d4c,10317,22.40264913080657,21.133369899720822,20.469742583868598,1.9329065469379714,0.6636273158522243
10317:62da411fb1daa598c9de6fec6d4999096c07c935e32acd264bd45573737d7ca012c560ebc6a3ff42a617cdb54d7d364fb719fc379b15ab5e772bbf3a7356dbde,10317,27.31127158547517,13.675000000000002,18.312476444964812,8.998795140510357,-4.637476444964809
10317:63aa1010fee4655f80a2fd1ca92db0c9c662b7ff7dfeccd99a08edb7b7f5af8b2df1c92465690a27ee6aad1207495376abce78f3ddeffc05da0acb099f8efdb8,10317,5.238821748882972,8.446527777777778,6.905050098487059,-1.6662283496040864,1.5414776792907192
10317:64e4e987fbbcb4c2194cdd7c106261ec20cfbf2772d835c97eb6311237552ac6be0e79cdb6ed23e686e25afe5db5d7ca46016b14f6939798b7664d7af99914c7,10317,8.514152948674168,4.034195237315406,4.548715804954102,3.9654371437200657,-0.5145205676386961
10317:65a6735483d4ca756511921efab48bd0d5eefe9702c613c1e3f7065f8b20659da904045df6fb243bf7e1be352dea97d0ceb0c7ccdca5fabb1fd01324d1e414cf,10317,9.665586728109574,1.7037726914646487,4.295829328558902,5.3697573995506716,-2.5920566370942533
10317:673c8ce01f6c4b5120fb00380499db5eeb6a2fb55f33a66a36d79a28f321105b432b54532ecd02900640e027e6baa65fe94b194fa11f3a0eaf97f6abf95c9417,10317,25.97521319346025,24.270642971059658,22.94793701047088,3.027276182989368,1.3227059605887774
10317:6c9d8d2f421f87624a87ae9bbee457570d9633bf4eaf97f36b65a13462bc290706c4dec83b825a291b12b7a777d237b75c8f935a0f1de4e6ee5b105ab5de7c0c,10317,20.503005192648526,13.184047209663746,14.488440371892532,6.014564820755995,-1.304393162228786
10317:6cafcd38bd5d8a7ae3e097e4e76d4ec0177aa5a4b23e460bcf27496334ea6f015f92f32d33219a9b3815853580c7fa17f6fff3d39827358ac992dd98bc09b99f,10317,18.883010217340875,17.6875,18.134485533192926,0.7485246841479487,-0.446985533192926
10317:6cd87aca8624e2efe119e5484586386f10cb61ed4a7920dd13cefe68783228eafa46cdc995f2272c25a121fc11cdb971265f86ad6cd99e0d151e6744a5db135c,10317,22.250006103645067,25.16947127602686,22.312351513246927,-0.062345409601860524,2.8571197627799343
10317:6d4586a1f7c90185bb4ec90e82083cc45b12d79db4919f699dc24cc403347dfd5df17e6008b69cf2b3109ddb41512f4d7a52c91b647c1b59bfd31e8057bfcb0f,10317,9.195785511990877,6.799925944004019,5.174310361624658,4.021475150366219,1.6256155823793605
10317:6e4903f0be32c34121cd50c2891666fc8b26923970412591f3c900d7253a186450e745d33fc88b07a5c41c9992e15153f2c3fd7a20f01e43073e39ca8a3b4afe,10317,8.922888252771273,11.935416666666669,12.965875439165954,-4.042987186394681,-1.0304587724992853
10317:6eb269d94d6e32fa517a561269634737fc4de40944d6d037a2c1e867bbe9e8d13686a131c81709f95eabe5834b99badd054994b1cf967842aaca451c97a22451,10317,14.568239812295984,5.097969183405479,13.214559194246668,1.3536806180493155,-8.11659001084119
10317:702fbc8dfcb76217e73344a0a11dd54afca4b678302097929bc6cc1cadce5d5fc80da1e599a9d752eea1f081540d8b89772bcb670f71f2d38a11bdce484be812,10317,12.596776476432332,3.0447916666666672,5.828293815537378,6.768482660894954,-2.7835021488707103
10317:704472fc9c96c860a14513fc1c6660f72e2d159bd1dcf6011fcde0750d69d6ace9a9260923b171897ac72f33ec8c0d03721a0dcd0c676e8988974e6e22e4265a,10317,9.002158000964615,9.89634843765652,7.582853797638042,1.4193042033265728,2.3134946400184786
10317:71663baf1b46589d68296c0b2c93208b950a8d8f87dd95255336d0e162d3d45a6922f6512a1dbbbdecd027ff264b625773e6d10d54f1a7750050d3b813d4eadd,10317,11.762414481911252,21.410416666666666,14.137335131820267,-2.374920649909015,7.2730815348463995
10317:717a010ecae247e17c0d75cdc08151d79ef870155f338e469f89c0489311881fcd9a409c1f2f17cbfdb5c5e655cd7b7ba153016ff78cd3d0326a1da4bbbbe1b4,10317,0.8134607081111156,2.2203886066194536,2.39791560087293,-1.5844548927618143,-0.1775269942534763
10317:71e5fd7acb649ca95a67898db0fec25f330aaadd054f9606a2bf895d9748f5f2dbb072b66b2f8cbb341c64bf56f1d46adf1543d0cd7406a94c113f4c63d7e45a,10317,19.909481028190896,7.494791666666667,13.186351349530446,6.723129678660451,-5.691559682863779
10317:723b6b9cc65e7b32325680590272929f0ac00ca96b80b0fab7d4f3aa989891c4e461f3d54e5d04cec753535eff24d840aca7c4484f9aaf9507e8c09d37fc902b,10317,10.700414852156953,9.722916666666668,10.653123008231665,0.04729184392528829,-0.9302063415649968
10317:7335b37622ba1bdd7e488bc6758f7c8fd36c26e43d8fdb09f00e1ae18ff0959bc7f4f27508aebf68b1a500bbc62282d5389c9d49419171cf9e9c946f433596f6,10317,1.0520661922256807,2.035416666666665,0.9309414189873119,0.12112477323836879,1.1044752476793533
10317:733d141620ab14d73e0aa4683aff41e7dfc3bae381840f02c270e108c123ae0e90bf1390da736c2d78815083080cfd4f47f1bacbfc2de5a20e1ea897fbb49593,10317,7.501289872698337,10.897916666666667,10.917715736685329,-3.4164258639869924,-0.01979907001866188
10317:73bf3573928ab6f8e0dbef1783c99aa8c96f8a341909051dbaaf5e003778464fdf40cee56b971bea2c557859ebdc3351dddc89230df6458726716c8fe13e3583,10317,21.112190547174148,9.854166666666666,10.805509537224035,10.306681009950113,-0.9513428705573688
10317:75e7facbcee6190c9bd0ec55d33af511592981c1851bc62c90ffa060b30d59451c3407b0344a1357b33b8a653eb1ab6517c15e9f6f193c447e3882c2ada31e9a,10317,15.384566021787464,7.698958333333333,6.696123875815424,8.68844214597204,1.002834457517909
10317:766b16ee6b65383664f73d4720f92c408604f3862a3ca0910ef13758df6833a4e132f7a6a180a0e66a7a0de4de722b7c7dcbbdfe09b051de250e1c70364291e9,10317,2.842988884529994,4.657041806414493,0.7524564457371715,2.0905324387928226,3.9045853606773213
10317:7705669a351542f9add9390a0a093824f81095a819993d82ab0d00eb2120ac34a953c451ff892c8c30e3f1b8f7630625d2ebb4d0e8512526a243025795e51eb7,10317,31.10316496461728,31.58020833333333,30.77437802535888,0.32878693925839997,0.8058303079744498
10317:78d12b80b1c72aca05eb432fc60c9d17e9d26e9976af5f011f95b27013837975271da44deb87ae11ab5d17f776090675276d08a78b15a8ad0920edeb6e7b75b0,10317,18.892753205282876,16.51610074803376,16.830980102142572,2.061773103140304,-0.31487935410881107
10317:7903469fb68001b987d8ac0d762e78777829661f7bb380ee87598fe94e18cb4f57d8029bf74c2f1db263f07017cfe1291af68c5ba65cfcdfc3998fff8bf67e81,10317,26.370369940188937,30.399999999999995,28.25688302547773,-1.8865130852887937,2.1431169745222647
10317:79bbc1c5c663e0434d917d65535beeb68d902da75556dbb9bc561129718387ed15c630d65f4716cbeb02ed871a1e5044d2cd04da381361681f4a0793ca85598d,10317,7.071790465576211,5.973997034364032,8.811925484713143,-1.7401350191369316,-2.8379284503491107
10317:7ba032cf20a095821627a110ab26bb5c1b92a9eec7dc65f29d2b0b7c0f2dece8e620882864fff5d7d829b5d72d5061c1b402d6fba6e4e8a623373670f402b87e,10317,31.530884845681566,29.859375,27.86121800298604,3.669666842695527,1.998156997013961
10317:7c2ab4fd0ff794379f970934bd5bd789fb515903877b15c3dd2422a09212fc3a5ad62b4d2a149d5d34564a6e8e0488a0c4b1d673016c8a9c4870363225cb4059,10317,3.174869348476219,12.344827492512165,6.495168374998795,-3.320299026522576,5.84965911751337
10317:7cc5c069db6eab6ca70adb3c38c792d60541ae6bc238d37452ba179cd855f4eef887ff1ee7a82c8e3ed38d80f5ec6216acf1971f02f4a9426720ed8515710296,10317,4.616162963824192,3.337888420907298,3.041758019551646,1.5744049442725463,0.29613040135565205
10317:7e311968682a8a9e2268ae2d13c8b70ca7ce45f11d29b24932473b816f814e56f115793ba0ca9a91710fda8ae01664aab7b94207e18484fb0b45616cab408ea5,10317,10.247848930656465,13.987500000000002,9.329546973133407,0.9183019575230578,4.657953026866595
10317:7f8b5599423e74bb4268af85d143fbeed68370b2eaa79f6e6facbcf10974040d6ef4afefb5ff2aab1f618ba97f2eecc39b0621fb60a556425670ca9606d4aa0c,10317,14.243426838378667,6.742708333333334,5.581005580043555,8.662421258335112,1.161702753289779
10317:80ed9beefa64e1af619f5d370d79a21b435d10677f5b936ec3554234d47090f2a865337c8ff29f55d3cfc78a4c4fcf22efe713697872112639889bda9805a03e,10317,14.063649456627424,16.604750494308,17.03065247393455,-2.9670030173071247,-0.4259019796265484
10317:810a1cfb40a1b8da310e777113e7a6fa79ef435b2348c768e4213fd5c5dc7e3b2dfebad107eeb75d35a31c7a30a00b8e06c8bf1e32f03c95301328ac8be56fbf,10317,5.558334877049639,6.831035854182217,6.375510842575706,-0.8171759655260677,0.45552501160651104
10317:81381621a969782bdf9c1f120f5b0aff5f61963b498785f38baad9308e26b0be6260f7823e90d20fd377699c2619a523364a2456157fdbfffc70dd29d0b09941,10317,16.591664423931764,10.202281487622137,12.640273420892072,3.951391003039692,-2.4379919332699345
10317:8167c948b0e4857e3fbff706939d373dfab22f6bc351971e2c12e88b854e32580973e05481786c5d02d11e4a9e8f81f300e8ce5b8120172a96b4e37d555a8c90,10317,4.705949165053165,3.7833333333333337,4.235605943923152,0.4703432211300136,-0.45227261058981805
10317:83129c2b229f0d9fb6e870c62c2b01797d6f2d1e18875a4474c1d621fd4239f0509c12f293d0febfee93496a315d1b8ed8f7d66b9046ea392b2913819b93632c,10317,9.349186119263555,16.5875,13.442491735150995,-4.09330561588744,3.145008264849004
10317:8606c4dd2d9371a4b109521ba900732b745ba94bf06c0047a2b8189bb5e157e1f6bcb5d5ed855b3e972841afb6a38ae24f88d3995e2f6c362286bd69d07c83ed,10317,15.349835270961051,3.970138888888889,10.99129356223457,4.358541708726481,-7.0211546733456816
10317:8665422eb8a1ffd2fa3c26bdc0bd4cb3cd47439a5631922ac7af3c45be2274db8dfab19dc80c4bb5237d7035d95768044a90af2a19499f5e5af50d527a6174c7,10317,2.3410329324841164,9.045833333333334,4.24572588198311,-1.9046929494989935,4.800107451350224
10317:86f38a5d916420ce42057d5012ab6e7b63fe17dce6c5bbd26d4d6b33da03f0c707be225d1759b8991e4a3e2158e96c5ba68e85dfe1ef7f47fcce7ba1ec47ff2e,10317,5.8061167049409805,8.922916666666666,7.105795656818809,-1.2996789518778282,1.817121009847857
10317:88f4fbcf0ceb456e7f8e8447af039f0dc2670ad52972600d23a04b60152370409f6b57086023803ce52591376f998806f80e260d50d06764bbb66d26d1b5553e,10317,13.737787331459224,5.893750000000001,10.528524746373854,3.2092625850853693,-4.634774746373854
10317:891ba49891c93e012ced08e68550251a74e2939dbec3af58e67b97d73d2d0f32fd7530e785db3ae620b3a125927c31d18d0e6c08bfe00778a19646a44083e9e7,10317,13.39033829774376,7.90625,8.92018087883252,4.47015741891124,-1.0139308788325199
10317:8a84e546f33305e110f2059f0c1a87a533d58f09e3ae2fd4519dcf3418d8d566956b23eebebef879dda59b2ae8ba5c775acf7a5181d6b381697b949a1c8cefc6,10317,4.717570232180182,6.0708333333333355,6.363817285578584,-1.646247053398402,-0.2929839522452484
10317:8b672a386ead28ace9c7eaea68003a8d0be6651cf9544c799a49155c372bc6524d53fd7aae5b008caced52ac352c5fe0a4810a846032621cf2d9fc79200e1218,10317,3.7593732951870495,4.362847222222222,5.752622653216079,-1.9932493580290296,-1.3897754309938568
10317:8ce2fa4322344d737377931be840bf961f38b556f4fa437394b744900c1501895f7f56793071423d8af658d690902a9fb79c2d372eb011251cc952c8b26e075b,10317,7.744972530423979,7.547916666666668,4.073602581562301,3.6713699488616784,3.4743140851043677
10317:8d85619d1e25428067315418f5821569f94dd8cc697ce5e8952a81c8abc325ca2f69b743c1d3539e71093dc8dadc81905dc33874b12ef6d990d55c610bfb1eb3,10317,12.101463447442947,5.608039848282608,8.503583654964658,3.59787979247829,-2.895543806682049
10317:8dd14dd80ae9b69218b4942e80486ca4299a19f9342258835b868633bfa7bff6581b9102dd034b2a58f5ea1a74b8a2ec5b06b38aca104935d0e20a6925b670f2,10317,40.81066088443249,31.37152777777778,30.085188423540544,10.725472460891943,1.286339354237235
10317:8e6d5660e04b428afe96bc9b82f94ffbde8b593ec7e7a39e6d802ccde219bc29f29c18ff10e18b4c6a067ce34878d5cc2b0addc2b1e539d565c014f00b4d3452,10317,13.470351237106406,6.966948553730672,11.619915962302064,1.850435274804342,-4.652967408571392
10317:8fb4ad789829b8aa6b773eff2956b29d9986e3c6ee0cd5f3125d47adf2ee4adc1008098b5be94b225ac5137bcae428f6b84ede1db0d7bfe5dda5fe7f31fa3514,10317,16.224728440013763,17.077083333333334,15.527668917041602,0.697059522972161,1.5494144162917323
10317:8fc2af33171964330de7e24811df360483b2193e73f509d9de0eca5c34aa9cc4a73311de7d0ba394fbed8d55f72394218e7b7026fd7da8c8ee1ebf0e637b2e85,10317,3.4130530933742307,9.819791666666667,6.052274564589179,-2.639221471214948,3.7675171020774885
10317:93f03cfc2b6cd24d3e180ee0e8ddfaeabf4cd6cc8b2903861331b9492f02b3479c33fd6cf6ffb699ef212d9c6ec30f938596135b291ff81bd334193c180f7858,10317,12.387977895763107,6.984870953587527,11.358537198282134,1.0294406974809736,-4.373666244694607
10317:945445118eb28a47d0311468e8170b2c68dd921cbb868623641758d82330a5f89defc8f3631f8c7f925da369315c0e442e1b32d12fae4688f05b9a40c0167080,10317,0.8750728742340664,6.552083333333333,2.894780656387733,-2.0197077821536666,3.6573026769456
10317:95161bf754ca78bbc6736e1276a0c069dd937e05defae03a23b5b34bc3f3e0325898e86cd7fd838de6514fbeb888d6634c7497e3855ab1d45839d35295e2ba95,10317,13.718991175996065,11.550000000000002,11.390176564741637,2.328814611254428,0.15982343525836562
10317:9556b26ba73292c840427f56d0913d9372bd8a0285daab53c83800b8972dbbba507f9182b997a497c8a055076429cf80e4a5a7c313c7b1a6d508774a769bb61d,10317,6.4328188434105416,6.897916666666667,4.995529792134971,1.4372890512755703,1.9023868745316959
10317:95709cc58235ffbd909b031216643693df4dbc827ae14fc247eebb0528bfbea20bc16e3572da9168ccfd0829b33c756aa63ed4ce9ba244ce6bdf5ef97c44e85f,10317,12.861196945118316,15.604166666666666,11.428361632163465,1.4328353129548503,4.175805034503201
10317:969959b6a56c892088c6fec4a090bc9d7786704432d85dd70c0b376f3082c1743c5522532f4a6139e760de6add314a67dddb22fcaef7e05d6f73095cd5be1d95,10317,37.037376932634864,37.91041666666667,32.348216995474644,4.68915993716022,5.562199671192026
10317:98e719bb087e2058ac8f1e380218232d306e4f5c7d2359784abda5fddf02926beb32a6c0ba8383dd0026ec1f0d372d68007114cdd2512a3abb3d77158fa6f4d1,10317,16.007898750353675,21.2,15.908842838238956,0.09905591211471965,5.291157161761044
10317:98f1f8c9217912fbbec5cd8e5c39acc05c729d5d4b5113f922efc048b9e4b68d2de8c43cb8721151f190923c84f990227a8cdf3359af1f0a5fc59ecd028dabf4,10317,12.764819207240743,6.708080852677021,8.331475300481808,4.433343906758935,-1.6233944478047864
10317:9992b77d3934e6dedb1d00b22ce9dc2dbe00f7d81c1170230af7cace8324f4a479f87014fc077e6d8426aed7c84ab99cb32e3b88919ce65bb012aef6e28c6a0a,10317,5.93555891347327,7.3087402199310105,7.643728307044268,-1.7081693935709978,-0.3349880871132571
10317:99e188b8ec5527a3ad82cb7cca4318dabe62c69e2ab959f3d9bd68b4ac2521f3f32364757e49c2f7ee2f82a39fb74f6008ab75e1b82c5f6b2bf1ba4869f0b4ff,10317,1.1906205681680693,4.052083333333333,0.8032028947056583,0.38741767346241096,3.248880438627675
10317:9a079253652d16fa017050fd68017b646c3c734b4c96ca593236c537806682233e513b33fb850475266ef28a5c34e9297ffbd213ef416263b306bfae257d1aef,10317,17.158877705847697,10.225000000000001,12.483425943268282,4.675451762579415,-2.2584259432682803
10317:9a6b1d64174bf2de76973d430737df42a6c1d222167a33cad37332ade7aaba03e2f1fd87dd65c5bda2ab171d6373490fa6395929f8ff33c6d5acdec0d7035388,10317,11.883106345163796,7.5447413736946345,9.68493915079138,2.1981671943724166,-2.140197777096745
10317:9b31e31bf0d472e6a54940cdb8e6b0d019f0fb7b65bd335d54bd01c9fab69bd4d1dc62daf2e3866ab5fbff6c481867676633b204ea04a415899d3087ff6041b9,10317,29.355531138827473,32.84184317817073,29.632783549890988,-0.2772524110635146,3.2090596282797392
10317:9d5f397f06d407dcb0aa1ac134a406dcc9d133b7241030bf81c3cb01f3341e891530737a66d2693596ab16f97b05b66c20bc630d57221b89a0ecb2db01c1f747,10317,15.024356543129715,14.20625,17.449494959407307,-2.4251384162775924,-3.2432449594073063
10317:9d63053308a543f47f4cbdce91e1eacc49775ab0a34b4fe6f4f120e15d3d44f6915ce2e76324bbbb7aba1077216d23ad37b43118ddc87124bf0fd47327d12161,10317,15.13538735174217,14.362040791926804,12.550293890783687,2.5850934609584826,1.8117469011431169
10317:9efe5bb96e044b67cb80fc4069443555b8751175a7004a0a040349274f4aeacaa0bdcc77fe15bf3b071a944c2c9d4c02decf67f559f2a2d31615e4e98ed3e904,10317,8.140791818792279,6.484978934879912,5.5661296471127,2.574662171679578,0.9188492877672116
10317:9f89ce9cb3dd20b1b698031ff7eb1f66511855e4c05edd9fc525916e365f4d81ff5e46e5432e82c4e4cc62f66a9167138f3bce9a784b0404333ee6c82e195bd6,10317,5.060084293612442,5.616666666666666,4.5747776877330955,0.48530660587934626,1.0418889789335708
10317:a158faae1efddbd20bb064586e2ed359d9d89fe23e5776aaf6362e6a33b0760e24e9c69462baab420cef8bacb535b245b3687a18e94f0a8e346556bdb347fb67,10317,33.722169970436845,32.4625,32.62411494412687,1.0980550263099715,-0.1616149441268746
10317:a17a75eada9222f4d52ce6eb301bb5f83a31b9f5c3f8169a805aa8db550330187a4d89b93a8a8f82115a4bcf6ab38541b4e58a7343862e089fdea11ac94f627a,10317,0.4647905411793616,0.6645833333333329,0.933784347267931,-0.46899380608856944,-0.26920101393459817
10317:a1b4c9ec5f8710558bd4a7d34cd680ebd077aa972f77ae2c7a80904262a269846af690c0af56eec73473625b15e9b30c4413c0ced557f3aeebbcbdbbb0b28698,10317,6.525992412972985,8.55208333333333,7.719047250259673,-1.193054837286688,0.8330360830736572
10317:a1cd5635deef381a3388b606e82458a3d030c613a5d1605e912e298677c648fec4c0630fde5c78738c54d9c48767cbe35d882d96bb7fe8a5bb995fbff088cd25,10317,5.754252243966697,1.6899363608049522,3.1964901980485245,2.5577620459181722,-1.5065538372435723
10317:a29fd754368cde4d06c428f68fac03a5f07bc4192f8ad6f00b4dead3a90b4f2a07cda53d353c8eebcdf472b25a87cc69592d2bcf0fae7f901a0ee6e9cff063c9,10317,10.106398265423941,6.1513888888888895,9.259224948703086,0.8471733167208555,-3.107836059814196
10317:a392cbf64e250298f990fe6714ca17e38472972feee9471db99da4dfcfd1fe8b106d9ec41e004081362ba7728e8ac7a9d25f3b658d31bc856798d1c4eabb81c0,10317,9.220425399297232,1.3072916666666667,5.260894265830263,3.959531133466969,-3.953602599163596
10317:a6784c1d3806fcca45ba186c495c648cf0cf10b392f120efe7f26f9c0e66051dc675a9c077f1f39993f524f521e594b30048ca45ea6cbc19b96938f9734afb55,10317,1.3046991274775408,3.849999999999999,1.0706635492110717,0.23403557826646915,2.7793364507889278
10317:a6a72ae91b2b02c8ea4cfe12d58d98ebe5b424cd88d36f8b84e1deec1b971b6c50e1fbca139d0b8b67d6f73821c7922d555844d105af99dd4813cd966993df6f,10317,21.118592645110166,15.011458333333332,16.551869213323016,4.56672343178715,-1.5404108799896843
10317:a7eb0dd2ec940ca9c3d8c905ee11b3f312886d2373352bf10804121fdb76ae9277a91ce4ea0f346e0c8b67c66e30cabba094db785b990ac67b6fa4ea8b65aeda,10317,23.73244186301773,9.735032309431357,12.080407015098027,11.652034847919703,-2.3453747056666696
10317:a84b06b11ebbd693b0e846d7e1ba1453494db9a71f5caf6fec89add9c1975ce94b16e1f8ac9b930f61e3219bcfc133702ec58308eee167152209a8c2852123c9,10317,19.025050338562334,20.681250000000002,18.794646829295694,0.23040350926664033,1.8866031707043085
10317:a8d1e0c8b099dac9041d9cebdac9c0de56819da44b2a634063806e8ed4697d1075a1ad1a75dcb472c0667686ae7dad37b98268caf960b4805fdd05c287c202df,10317,15.08539125338505,13.529540416054495,13.773668101850957,1.3117231515340926,-0.24412768579646205
10317:aa101e557d45d2c4a31a1d301fd4c574f8a5fc0833b116d35789d31262e1e05a55d401f9b79aeba4e9d3eba2940a8eb96f2f5b422ec59ccfd8c6811d9cd18c8d,10317,3.986624694471933,9.739792090030916,7.0481936248612955,-3.0615689303893627,2.69159846516962
10317:aa700130bf2ad84f7dfbd70f11a1ed544685dac3b0af8c4231219413d86330f5973915da8180c4eaa587cffc3aa156c9dafbf597461ddd6251fef35831bd365a,10317,19.837597645168007,14.811291979442629,16.044888949768232,3.7927086953997744,-1.2335969703256033
10317:aa8c21f5078bc7371b21ffbe19854212c26e4ba8b087307ab121b615566704bf41428d321554791b675f216db7f7d1922190d57c119c58c01ff5e6a1b7a11da3,10317,3.5378392310807563,1.8692825251415226,1.4258324897731758,2.1120067413075807,0.4434500353683468
10317:afc4cc1e970ef3c7c09dfc377d86b8cb6dd2b6fc250e40ad216859b782525e9a89692b141ec60d853e30f94d919e6d74c8ef2a10c87061cbb48939ce1a8ab53a,10317,12.252543443588278,3.40625,8.068977639119773,4.183565804468506,-4.6627276391197725
10317:b03b7d707e125ba38f6ae4345eb6389f63c2caed719f3d69552e392dbe3d40c17b9f8b97c1e801df3731171dea8ebdb990b7f88d87da78c626beccba0003cf7f,10317,16.15247647660207,20.19861111111111,15.054169980620227,1.098306495981845,5.144441130490883
10317:b565af2054e502f6e52e66e3de2b5e2199b3a8637ef66233b06e6fe02859801a1bae272653dde3b99ca69985f5434f1a2cdf4fde7507455f5740cc3df03b878c,10317,5.212147254351533,10.800000000000002,7.621346563316479,-2.409199308964946,3.1786534366835237
10317:b74b978649567cb54fc875fffd91ae1e96fe51d67ba3b37beafd17700ef6cc8174703285ab46d656b674c96a535fb1c24429eee1b4c50b47eedb924ba7c66a50,10317,9.280156041365412,8.648263888888888,9.894117467654665,-0.6139614262892525,-1.245853578765777
10317:b8164f6522d265b137471f7142d4362a35a7a4dfd6f21aada5888456dda2bfbdda36900f4edf71d621587e3c79a92da70f421d07fe905890c57c4ec4d421335e,10317,24.405963253294416,24.110416666666666,20.899290442798474,3.5066728104959424,3.2111262238681917
10317:bd5a894e45bb2eb6713f65d285f8814cb96d0de3ef15bb170f5968bc039588919fa9f9ed4ad18689cb92997342c0e17279efd41f4e2f858e6075291cd2fd04d7,10317,1.5403688350972142,7.287499999999999,3.7647619956699145,-2.2243931605727,3.522738004330084
10317:bd91fc26c20a7652fc421fee2aa75624e4db7f68e0e4fde846745c30bb976e46e87f9660bdf0cea293a6b1ddf22122f6376d2be385445805fa204dd33e6dc905,10317,13.433836703976588,10.779166666666667,11.078885863038453,2.3549508409381357,-0.299719196371786
10317:bf103398cbf34d2fdf0ce89d2a4729ec061457ba078a27fff88e775557fa7a6206e6693e016f411dfc8700f10c5787107d76b31f1914db25cee356c3ffb2ee1c,10317,17.675483386639964,15.877331205510611,17.556655212580626,0.11882817405933821,-1.679324007070015
10317:bf31604fc742f42563e14f529efdb4bf456a2196957cdd5f7a03e77220b2f7cc72b439053c8c0b4e94997264dacb9d6c2dc062250570be1d1ee1d113328653f1,10317,23.550610900588897,13.985416666666666,17.813320039319837,5.737290861269059,-3.8279033726531715
10317:c05d316c7a234de92fd6181929f128efb782363ffe6c343358fc3ab402b473dbf8a8138a22044ea3b02099711ecfa77358776132a3ed110a1b2153eeb178378a,10317,17.480423870306275,12.570473174210466,12.20195368994407,5.278470180362206,0.3685194842663968
10317:c1aeed7ec49ba28fab9705a2a7ef17c7dae7622554dfbffbae7e5be56e0b5ca0fba918409d646af5cd04454fb08cc22ab4f708b179204f985182cefea9e199bd,10317,3.097870102897486,3.6990568613836743,3.4917811303914044,-0.3939110274939184,0.20727573099226992
10317:c652f7d5d732f3e629d4d90cf706462d9f50414ad33c8efbe370e13cba2467159fd00b1af99fda0aaa19aab27b068e2d581735424ec0b886d2867320bad0e931,10317,12.505566783403312,12.746265490178232,10.83112196664508,1.674444816758232,1.9151435235331515
10317:c78075767b35e039a0b606f8a727e3fc3e2823715abe6a1c7c9956e664a6ff667e1ed5a2426907b56b3a7776221005afb7b5f38d5a651d25074abdbea76cec2f,10317,14.295618821993267,11.140625,11.110421184967008,3.18519763702626,0.03020381503299241
10317:c86071d17549b1edea0c1ee4fd08d1f8f445ff93e7557a199712b7b28cc1547cf0bf2fbe6c28e355b5a962568aa61b5f158ed2022969d51ccb413287f708fe10,10317,0.6156351923355435,5.725000000000001,2.4893715988153695,-1.8737364064798259,3.235628401184632
10317:c9253f884608fc319fe8569e8e2979bb54c91a0e0d3c4ff7a4b8f149c7372a1c77029903e0508684d15d336da510bcc78d1e9c1aecbf85c0b6bc664b85990a20,10317,20.34106468465702,22.247916666666665,17.63711851115148,2.703946173505539,4.610798155515184
10317:c9e234a8b8023dc52f81b36210303deb253ee13dabc6022044eb5536429962a7f2dc5854ff06cadbb8969d2e2464fe3ed6ff0808a6c48037574abd2313962f88,10317,9.813882117204306,12.644191066795543,8.1819194187428,1.631962698461507,4.462271648052743
10317:c9f8653bd4ebdf70f189788ed1bc962f7b89716eac15b10fba77e815cba9483cbb0ce452ea8acd0cd27b17a9a599ec7023e375a67fa1551bb8a70af168495dd3,10317,0.7518126458541706,1.740965705983901,0.9770253379282252,-0.2252126920740546,0.7639403680556758
10317:ca094c456996ab8a9ad0f33489c86fed9f280451a6cc84da275911ae7897e6bad66f0f5976a12854a9da9b8e65cc31dc6c689b846ae257ca5841dd6d1296e0ec,10317,9.066548104388652,5.2665973243170185,8.588242967588412,0.47830513680023934,-3.3216456432713937
10317:ca3c1391f1ca6877569a02ad1a4bb08ec17ce43eb36e67a75c7021c818e8b0fc35d4d9d4f88d36031ef5d86fe5d42f004195994d262cc11012d12140268e85ba,10317,12.713974616242233,9.095833333333333,7.246349582047228,5.467625034195005,1.8494837512861055
10317:cb8ea224a3bb7ef53bf08da62860c079b5996441cbbb6ef11fbe09454172198e57a65569937d0e57c98a2327cfe4b04a55969cdda8eed8fc5f998c2468e4920a,10317,16.466646175174077,13.984375,15.52776578786706,0.9388803873070177,-1.5433907878670592
10317:cc74256c990c430993cd5fc5079433232702a5006ee4a770421edf6482fee08db076f06f1fcf83bacf50a1a592d1fbd51c3edee6f558ab60369868d09a642c78,10317,24.80126383841232,32.97291666666667,26.646229172226224,-1.844965333813903,6.326687494440446
10317:cc7a72730c7716b41648ac90728f72eb759bd32caaa07b60e4db721abd907a2e38b19314c602ce3a7b19a7634037bd360e4d54c532513a267152129589e536de,10317,10.672978934808318,5.745833333333334,8.59367170618208,2.079307228626238,-2.847838372848747
10317:cc923c4395f942a7be06745a9437731d12a282545bc59fe0b238fef4ed14300cab1a65ed16964ba9a8f4c846101d7788077d138343a7acc82f00e6b9375b6efb,10317,11.465863945264537,9.625,11.783448253196996,-0.3175843079324583,-2.1584482531969957
10317:ce1fd98484e30049ab6a9f362cff6bacde2a68b949d54142b56fe830f015c8ec656e789dfe4d793ec0abc652ccb025d8f245a86aa12b68a7664f1f34156f22d4,10317,1.820020626567486,6.95625,5.708698710734308,-3.8886780841668216,1.247551289265692
10317:cf42e22cb0b5def3e5fb85e3eedb9fec63ec3614a7783d0ac195975b575a9863d801522f080d492d8032502dfbef61ba79d17264597f600354ba3cb662748955,10317,19.615433978212536,15.872916666666667,16.51038605797991,3.105047920232625,-0.6374693913132443
10317:d031d7eaf91c489f64052f69777e1385468d8cbdc419eb3568de9547015ad04606d5d70ca9970521bd182907f9b00d2640e54727e0262ceaea9ccb7d9603385e,10317,21.987203425371916,16.117368298140367,21.00454899348999,0.9826544318819259,-4.887180695349624
10317:d05b6995db48f6c9db978b1b5ca6e64fdb449b3a00c92813c529766f03bd685a588b170ad83cf571cc7835590556a3954f74f0426fa772dd2e7a9a365c327784,10317,1.6052849101447464,5.279166666666664,6.0887432077826675,-4.483458297637921,-0.8095765411160034
10317:d0877d5558ae6f23aaebeb97d4f2a1816b79dbb8359440bb51b3f59ad2316a7771768fe5cddd4ede663af3eb0a7e38d2b521a40f417c3ea7bd1a63ed195e9e9c,10317,5.613446784595912,2.8990438546226067,3.3656297947535307,2.2478169898423817,-0.466585940130924
10317:d12b3488162547d96d3669a939c33c47bb7e94f9db76d64dbd76d7bcd6ccf5dc1c2202772cb5712605a51d28e9a8109105db0a01b5d13f55512047b95056356b,10317,9.718991175996065,7.7854166666666655,6.628293432019132,3.090697743976933,1.1571232346475337
10317:d1910a1a76a8f78681bcb07a5bd97d35113c3770a82cd58a4cc41bbd0f24a54931c4699e445992cd3590ec9d1ae2db92ad3f118ade23b3ab902226bfb6b6915f,10317,6.687842081220441,4.273028106481438,4.192863283978457,2.494978797241984,0.08016482250298118
10317:d2b0d78183a7fb7003716446b4a9280723b3b3e47823c3e6d1a251d445558a0bbde902b411f4f4015c7f8faa15d573d3a103491eb53d1fb0ff68fedb2e2dd4d7,10317,2.487399920081257,12.395034166971968,5.920158985251142,-3.432759065169885,6.474875181720826
10317:d37889cdecdba46fdb19bb31c950ed36c9b3a1da31fbac08e9ee2ff35bc8af2ce5a4b24631b63e876500eb54df716ba82caddd429a437e61d996dab1bd51de32,10317,12.88780945282585,19.998958333333334,14.094990115803327,-1.2071806629774766,5.903968217530007
10317:d440c033fc5b44bb83e8b5a7794daa4c8e7b24424bcd393f8e6a21ecc3792e9ddfa02679b7eb856a026af5426b34eb4083a5d61d8a1e5ffe59abee1fc9264b37,10317,9.95093174229072,4.94052968576336,7.864135874468262,2.086795867822458,-2.9236061887049027
10317:d4747c80cbabfa6a118ab9e828a6e01176aee5c6477c84e90565dd41303cee3f4da5c8eb4c5a5b1abcf05c6ade5c8588fb990c110d1249108ffee63923f0759d,10317,5.278630438563404,8.68125,6.644071985250389,-1.3654415466869851,2.0371780147496112
10317:d63484fec8c78056306a841bf283219a2f4dd6eb40568afb6e401ef1dd5a23f563b4e42b92eda0d4b87cc502d1158abf83fac1a38b7a4166f4374fd6ec75beaa,10317,4.857537161400152,14.042361111111111,7.376850124423594,-2.5193129630234425,6.665510986687517
10317:d7b643e267e7874c9fe80600f02183b6cd3019f0fda406b979f05d309d5050c0a106d81fd0d61ac23e2600faaf7da552f0258df8aa6be5e41a39e6b37828c99d,10317,21.62192093255906,10.780208333333334,14.413193303853882,7.208727628705178,-3.632984970520548
10317:d8c91d966b0e79c63575c2bf1ca811089c2e6f59c115850da307c43a39d0d4f9e3fea903d8a626f02f4f4d5d7f4da9fc7117333b148c82d8342d4ba550b09c59,10317,6.013375305528068,1.1460819343958473,5.2986364908995585,0.7147388146285092,-4.152554556503711
10317:da8f8a7d664c63431a657d0d888c46bf1f7bec532219c7d97227d8de3bc94ea035161f6a5e94118648a14d399a93b7d0e7cb68f1add742cb0d0d825f410a501d,10317,5.180163321073738,4.8166666666666655,6.810572978801012,-1.6304096577272746,-1.9939063121343468
10317:dcec02861cff21f48d1c5f3ed86756b2b4a7b0454ada0eebaf563693a8cb77d2a15532e24b80dea64c7e2834c1e81a8c3544105283aac287a4f258b2e279673f,10317,21.885662780497057,19.314583333333335,22.632022624566464,-0.7463598440694064,-3.3174392912331285
10317:dd3fbf0f2c96e9182d8538806757f0f2102c6124dfeb04c9fa449391b445968553d59114033b794df4532c7b77765fba1b12c00969628c268640fc23848b7978,10317,8.245747756033303,10.793802428645266,7.262815929840289,0.9829318261930142,3.5309864988049773
10317:dd55969d0664a6b5a0188fc460aa56c9db31fb38d59b1bc6cab8778141628932862c52634d68f1f637d42f51131e7fa48bfb164ddc9f18e878a3cf6cc8bb0a20,10317,3.7939483150976696,1.091515921883869,3.525887721196933,0.2680605939007368,-2.434371799313064
10317:df013012aa4de39f899aadbdfdd44572d593e9fa5238274ea143331982f2a039f09b846fef6ce0988eeda26205379399dfdb557ef64371f78334d6ee7beed928,10317,2.869536298591291,4.8077269086930565,3.422668839818647,-0.553132541227356,1.3850580688744096
10317:df6f20fb4f08ca5e4d0752d216fd11416c51dcc4d2843a31934d166a9e80964e8a8ebaa924df11dde7c18ceb71cdaa8a5809afe436eae6c92ebcf896c5c92b64,10317,4.3225629786497395,3.8479166666666678,1.3027303094619924,3.019832669187747,2.5451863572046753
10317:e264e42ddf5814bac0981098f8e9a48fb9a1d3524b60bad0405e26151eceeaa0db735671ad5dc0c78c554c78e4d745510d94413264b20449f53a1fe1be4f0529,10317,2.432818843410542,2.358333333333332,0.9556902990615406,1.4771285443490014,1.4026430342717915
10317:e36b03fa22764e26a56edd5b75a454e7ebf99d597c381d00186fa32b482bff3046c06024a335a9f1c29fb95217a131573eb7860fa709d5a472294e56d5762d4c,10317,8.87752898626326,8.411818421564783,4.577792014954468,4.299736971308791,3.834026406610315
10317:e3d63efad86b6ba5702575dbdf508760336727d94a56fa3563ac83a3936884e3760920dec88797bbb8362b8e7199a290f7746e80e9991d22fa187e1e4b2b0f25,10317,14.822309688056615,11.226661993035771,10.651443597097268,4.170866090959347,0.5752183959385029
10317:e4503538e12701b45b371c7ed670bd3ae6eba6dbfd41e21b14c030e3e6c626aaaf69513c82f4fb7a3e531ea834a73f16c57799fb90f66a9da07d8b3b8dc4b486,10317,1.6052849101447464,2.985416666666668,6.419260831930186,-4.813975921785439,-3.4338441652635177
10317:e4f690795c66a065feccd07de0128f89746b411eb215789f6c7c9bd18b20cd831f9b9a7e3b8af5952b3c56c532534d3f1045f353d46b4b79876a0f6c8b58df96,10317,26.87140805215644,24.347916666666666,20.60778542124044,6.263622630916,3.7401312454262268
10317:e6e5e53d1a49b2c6511917e62c6123eb734a4571e659825bd125323520a41405bcfee1e3c00e87a30d6cc80dd238a6b93e170970d11ec86eafa0326cdd2dcc04,10317,11.046000505420656,13.812133175105425,15.607765035505224,-4.561764530084568,-1.7956318603997996
10317:e7639c4697365b2cdd0af17e85e19fae656bebe2ca231e4057397460de8a06886fbdc663413a68e30c542241a5d4a8765a2affefbadf0e387eda6d67a72749a0,10317,19.05191943647672,16.7375,16.786069432687793,2.265850003788927,-0.0485694326877919
10317:e8fffa963380c63cba1d064de83b3a91000831ddbab3f8b56168ee1903063a0900f0a9b07f79b2f4a728ad7af62c82a718d51b95ccc1f12d6d1d3ce257c151f7,10317,20.09742582996528,4.477083333333333,7.602385224192009,12.495040605773273,-3.125301890858676
10317:ebedffb9e4d507d8cbaa7af0405caf451aa201d9746c76619a2a69f6b1c164e191af34fbad4f50a53bbb30a92cba77bf673b82db2b687fa2258240612900791e,10317,9.601153149707496,6.670138888888889,4.9313633833541,4.6697897663533965,1.7387755055347895
10317:ed020761c7ba4f7a64f3ebf12adc7f8dad56d9bd7b209c08e63fb95be9af9360fa3cebe2bcedac211a2b46ffd9478544970ca36098a278521a67c91e153cdc45,10317,7.248231782021047,16.820189333812774,11.949120063360096,-4.70088828133905,4.8710692704526775
10317:ee6b0199d11ab9c50774b9e56abce9e5b0601741d7922866f57f5c638ca8cf822c2cfa394a8707365a589b0a6368c20df23f66a6c845f66e662b0742e5937eb4,10317,9.87104199638309,7.333221995991219,4.838758704272571,5.0322832921105185,2.494463291718648
10317:f418e55e3e56cef19b56c0429433fa84e94863f2dc63628da31cf79cf361518786dfccf3fb6ae6e69d5dda970371a55dfedfec2e4e44bf990c150a4b1010a10a,10317,2.9256344571451223,2.9062499999999987,1.4392032756186264,1.486431181526496,1.4670467243813723
10317:f4417cf9261b7cf7eafdfa7c1e4c2f0b04b7f6a0a74833597eb9f455b64175009de471b6099ea840835964becfbbea46fda6746deaeb30cc1b29201c1259072e,10317,25.664240642526085,23.868750000000002,24.79113326943828,0.8731073730878052,-0.9223832694382779
10317:f468dfbfdc239f0e3bbe1de592c866535d2e70f74b05af2999cd5ac5b39818383c58a904146c605bc773f87fac2da08ddde7d4bedced3110d5c1d3b15657f73e,10317,25.858465275388756,25.082954545454545,24.48529142467096,1.3731738507177944,0.597663120783583
10317:f57b4981ac785615aba8f290342788db9294e4ab6b643dfb22eed77da0a189aacfb59ca5f5cf63c481d99849f549972a540d8f2170fbc94b25f2f659ad1687d8,10317,22.968373179161116,20.766487449104954,18.801485436604466,4.16688774255665,1.965002012500488
10317:f683242e74204128eb6f0c48f059f9cc0f82c39979573e92a85625acbd1daa1c25397a2b8f8904604e543f3f09aaad3960234f5612a616d2bc9c639e9be3e5b9,10317,24.446998862883863,28.039583333333336,23.369409766903136,1.077589095980727,4.670173566430201
10317:f73c970ebbe4576dac4346e12bd70d852fd2fad299e544aaabe76119ae6772ae189eebd9acc9c024c6a0bf917496f24b6520712b5200889e9afdeb9ed347f9e9,10317,8.619385921560934,6.818749999999999,9.817586155391197,-1.1982002338302635,-2.9988361553911984
10317:f7d599694238b74a09daca6c98fc12816a2f8fb52871032650e28d1b3817096404a96c1f0c84c57d6c558db1c22e281e2af87b6fe26c5b1727f23ea6fd789556,10317,8.345586935150315,3.045833333333332,6.700342706211882,1.6452442289384335,-3.65450937287855
10317:f85c35ccb1de86d528e1bc924109d3f1ef2725eff131fffbb4f955f2bf62f99d01df00160e393e9c7ca1eba714fcb5547b4952bd7ca8fbba07e51e58be5c6410,10317,18.27723557255939,15.367361111111112,14.599098736563668,3.6781368359957227,0.7682623745474437
10317:fa11b389cb9170b533e6a9c56b69f18fa8798f2970218ed97fe0be0906826592de8a478773a5037053f08aa21d349fcf39e64c85dbd26bd904614d8dd6335cae,10317,11.066758861089413,12.274999999999999,11.496820512066911,-0.43006165097749793,0.7781794879330874
10317:fac33038e7fdc9cea92cfafa3a1c3f21658eba746fdc582552dc90cf29de5130fdb07560083b3745b42ab1b35c0098ade96b984095fd4c6ab41f086f38fdf732,10317,14.37863870346836,12.658333333333333,13.969220802713458,0.40941790075490125,-1.3108874693801251
10317:fad8ec3f3e1d0020041ba9c117373e6abfd242b0ece7d768af390422eb907827a7ac8fb22732c500478dcf1ab82bd83ed997d23b1233bce38d043d35edf8f47c,10317,16.00606653907128,10.873958333333334,13.099832504533504,2.9062340345377766,-2.2258741712001697
10317:fcb45b6f64ab0b3167524aaa234945c75702e9f45b361a7f3af87c2938b4b5bf8244dd705f8119adf55ee8532be48dc7d72387952b30d9ccda48bdc05fec5797,10317,23.312673065094884,21.260416666666668,21.88182028829743,1.4308527767974546,-0.6214036216307619
10317:fd658c211decf8560568703bb1621dc7ab2972b0403502579cb6058df268644a35e2777929b99fcec24a21c8dac8e433694e070c10166c3c162dc7d93491b7c9,10317,16.29064861503504,19.14375,18.683072958437837,-2.392424343402798,0.46067704156216394
10317:feea3e83f7040193068cefe3fbcc20f2ea1091f85bfe70ce251294e52b9fe96590bdfd79bae84e89f8a0e8adb68da76d13e4c631cd02e8440870e7ffa4c40c5d,10317,11.670518047553742,3.1291666666666678,7.784836773121799,3.885681274431943,-4.655670106455132
10317:ff0768b01a1b6fd95f392b3c03b42f32fff2e917781b9ebb95b1bc13edfb801fc07ff383bd863ecb6e436ef6280bcfe138564e3de25075730af8842b4f95ecab,10317,10.86461264825783,7.644974408470392,10.683948392035795,0.18066425622203575,-3.038973983565403
1841:CUB000,1841,1.1447256560850754,4.099583333333333,4.198579867072447,-3.053854210987372,-0.09899653373911388
1841:CUB003,1841,1.471380847191583,4.293854166666667,3.6406287552675827,-2.1692479080759997,0.6532254113990841
1841:CUB004,1841,0.4482103124675536,4.646041666666666,2.694381978152422,-2.2461716656848685,1.951659688514244
1841:CUB005,1841,2.3587565687483245,4.1109375,4.332226494990666,-1.9734699262423412,-0.22128899499066534
1841:CUB007,1841,0.48947500423778695,1.7040624999999998,2.068810038028459,-1.5793350337906722,-0.3647475380284593
1841:CUB008,1841,4.720732111888855,3.6660573009555915,1.7063390100019393,3.014393101886916,1.9597182909536521
1841:CUB010,1841,2.487852136678797,3.7647208452764978,3.527878601612671,-1.0400264649338742,0.23684224366382667
1841:CUB011,1841,6.816553580032026,5.382552083333334,4.460918346456476,2.3556352335755495,0.9216337368768572
1841:CUB012,1841,1.5400977926045059,5.009270833333333,5.567546727864554,-4.027448935260048,-0.5582758945312207
1841:CUB013,1841,0.9679148849686889,7.193759537939357,2.281270279596891,-1.3133553946282022,4.912489258342466
1841:CUB016,1841,0.3254037029596167,1.270486111111111,1.7302093046434308,-1.4048056016838142,-0.45972319353231983
1841:CUB020,1841,1.382719370565643,7.822392675318273,4.115120851975356,-2.7324014814097133,3.707271823342917
1841:CUB026,1841,3.361869486645787,2.7641927083333333,0.98624774390887,2.375621742736917,1.7779449644244631
1841:CUB027,1841,2.1727180738749237,3.2420138888888888,4.5177191390182525,-2.345001065143329,-1.2757052501293638
1841:CUB028,1841,1.289650324164009,0.7163194444444443,1.7861696371984646,-0.4965193130344556,-1.0698501927540203
1841:CUB029,1841,3.7276894531830647,2.672474926778177,1.3847535456367173,2.342935907546347,1.2877213811414598
1841:CUB032,1841,1.1101771917372663,2.3139322916666667,3.0003256095377675,-1.8901484178005012,-0.6863933178711008
1841:CUB033,1841,1.2021748633438307,3.2742708333333335,3.603552823103024,-2.401377959759193,-0.3292819897696906
1841:CUB036,1841,2.2697518152790215,3.4190625000000003,4.199940177461009,-1.9301883621819877,-0.7808776774610089
1841:CUB037,1841,2.484152977145891,3.6125,3.512783135591955,-1.0286301584460644,0.09971686440804461
1841:CUB038,1841,1.473424631052841,2.8216435185185187,2.8264837884569354,-1.3530591574040944,-0.004840269938416686
1841:CUB040,1841,2.0397296210068085,4.279884128908926,1.5446939775881166,0.495035643418692,2.7351901513208094
1841:CUB042,1841,11.551109816075074,4.842291666666667,12.681463294609838,-1.1303534785347633,-7.839171627943171
1841:CUB044,1841,3.880508516797298,4.47294770981828,1.6144938494648007,2.2660146673324975,2.8584538603534795
1841:CUB048,1841,0.4482103124675536,4.687594696969697,3.033531629071369,-2.5853213166038156,1.6540630678983277
1841:CUB049,1841,2.173858067352656,2.8226562499999996,3.6992777861429795,-1.5254197187903236,-0.8766215361429799
1841:CUB050,1841,19.12459051923229,12.658333333333333,14.69239509431731,4.432195424914978,-2.0340617609839775
1841:CUB051,1841,4.599437001008096,7.125360007187474,2.7667300569847733,1.8327069440233226,4.358629950202701
1841:CUB053,1841,0.5492457596451109,2.761458333333333,2.264919542796853,-1.7156737831517423,0.49653879053648
1841:CUB056,1841,0.9888201142903276,2.5147135416666666,1.1049695745929082,-0.11614946030258066,1.4097439670737584
1841:NAU100,1841,1.6079604117174757,1.6130559437094611,2.620052819841925,-1.0120924081244491,-1.0069968761324637
1841:NAU102,1841,8.730592800979757,7.963541666666667,12.51833171634956,-3.787738915369804,-4.554790049682894
1841:NAU103,1841,5.814492526225949,1.9599364720923809,4.537010368440835,1.2774821577851139,-2.5770738963484536
1841:NAU106,1841,1.3511292683201124,3.202301469851918,3.3545894129581915,-2.003460144638079,-0.15228794310627336
1841:NAU107,1841,3.468789616560904,4.1291842185303205,4.10516296702939,-0.6363733504684861,0.024021251500930596
1841:NAU108,1841,7.881222977843516,6.032738095238095,4.871976055030801,3.0092469228127143,1.1607620402072936
1841:NAU109,1841,0.5211093464067028,1.2644791666666668,2.193140152585455,-1.672030806178752,-0.9286609859187882
1841:NAU110,1841,2.144725656085076,8.943020833333332,4.004915439240301,-1.8601897831552248,4.938105394093031
1841:NAU113,1841,1.1497617258826083,2.829166666666667,2.2922863792473414,-1.142524653364733,0.5368802874193257
1841:NAU115,1841,4.385794525881298,3.323839173571046,1.137371599264235,3.2484229266170632,2.186467574306811
1841:NAU116,1841,2.0263953554907026,1.5333333333333339,1.6787550745098159,0.34764028098088673,-0.145421741176482
1841:NAU119,1841,4.792417753593363,3.045955882352941,1.1140139818462067,3.6784037717471563,1.9319419005067344
1841:NAU121,1841,2.3898500322030105,3.5281060125143675,3.776226935610144,-1.3863769034071334,-0.24812092309577638
1841:NAU123,1841,4.03205346413882,4.839204545454545,2.529916535301234,1.502136928837586,2.309288010153311
1841:NAU124,1841,1.332783107363681,2.3365625,3.5892478802426746,-2.2564647728789935,-1.2526853802426747
1841:NAU128,1841,2.476416916989116,4.979166666666666,4.71202670900805,-2.235609792018934,0.26713995765861576
1841:NAU130,1841,0.3857299815831426,0.5049242424242423,1.5603159023496573,-1.1745859207665148,-1.055391659925415
1841:NAU133,1841,2.0203440670238013,3.2495833333333333,2.0289063398673464,-0.008562272843545049,1.220676993465987
1841:NAU137,1841,0.32777186502220107,0.9113541666666667,0.8047603723359766,-0.47698850731377557,0.10659379433069005
1841:NAU140,1841,1.4039759855105747,3.3080725825440886,2.1483834278030343,-0.7444074422924596,1.1596891547410544
1841:NAU141,1841,2.3368773435562606,4.446346713503382,4.686958121644694,-2.3500807780884334,-0.2406114081413122
1841:NAU144,1841,8.83201792681822,8.885584853583936,12.139305191342592,-3.307287264524371,-3.253720337758656
1841:NAU146,1841,3.6321379527176156,1.6890389995498165,1.6871506590971048,1.9449872936205108,0.0018883404527116898
1841:NAU148,1841,13.248458714193905,12.039956347429666,16.904013169461376,-3.6555544552674704,-4.86405682203171
1841:NAU149,1841,31.46266052677718,26.031971153846154,31.971792201184698,-0.5091316744075165,-5.939821047338544
1841:NAU150,1841,9.829873156755756,6.442952763985661,7.246165921454651,2.5837072353011052,-0.8032131574689894
1841:NAU151,1841,3.64294100243499,3.180208333333334,1.8388329353324384,1.8041080671025516,1.3413753980008958
1841:NAU153,1841,1.4048945542138,1.3722858986041937,2.0357329398165405,-0.6308383856027404,-0.6634470412123468
1841:NAU154,1841,1.180855189337294,2.733083040906437,2.7872822960920165,-1.6064271067547224,-0.05419925518557944
1841:NAU155,1841,7.648823428936543,4.675416666666666,6.228728653153513,1.4200947757830304,-1.5533119864868468
1841:NAU157,1841,0.19677936968686774,2.997648064549094,3.5345263722228966,-3.337747002536029,-0.5368783076738026
1841:NAU161,1841,3.0760078490372114,2.810416666666667,0.9600507638916603,2.115957085145551,1.8503659027750063
1841:NAU164,1841,2.607960411717476,5.15364921310363,1.2192760443415753,1.3886843673759006,3.934373168762054
1841:NCS202,1841,0.3254037029596167,3.292708333333333,2.488030205082896,-2.1626265021232793,0.8046781282504369
1841:NCS203,1841,0.7848772408771106,3.8116666666666665,1.8557571610446386,-1.070879920167528,1.955909505622028
1841:NCS208,1841,3.5152478723416265,5.802083333333333,6.140994854286025,-2.6257469819443986,-0.33891152095269206
1841:NCS210,1841,2.4315429228977736,5.178011721221526,5.088503720253767,-2.6569607973559934,0.08950800096775868
1841:NCS212,1841,0.2524203154630011,1.6711868244055719,1.9067227795531048,-1.6543024640901036,-0.2355359551475329
1841:NCS213,1841,4.379383175585018,5.955324074074074,5.6145028303224995,-1.2351196547374812,0.3408212437515745
1841:NCS214,1841,2.2937376650835017,2.93296568627451,3.660508516652864,-1.3667708515693624,-0.7275428303783542
1841:NCS221,1841,4.401546741367749,8.630308787971073,7.0305694362965525,-2.6290226949288034,1.5997393516745202
1841:NCS229,1841,3.8799095862137527,3.44375,0.9029699226001663,2.9769396636135865,2.540780077399834
1841:NCS232,1841,3.9953995701641234,6.966666666666666,6.111826474809184,-2.1164269046450603,0.8548401918574822
1841:NCS233,1841,5.660389593772589,5.0378125,2.2656609080140027,3.394728685758586,2.7721515919859976
1841:NCS241,1841,3.180855189337294,4.99525766359866,5.0072695618672105,-1.8264143725299165,-0.012011898268550425
1841:NCS243,1841,1.7100437397677624,2.7484375,1.892110050563744,-0.18206631079598168,0.856327449436256
1841:NCS244,1841,0.691439452434914,0.9608763977732591,0.9461993463229317,-0.2547598938880177,0.014677051450327383
1841:NCS245,1841,1.5984532586322509,1.7536238977767364,1.07923222669674,0.5192210319355108,0.6743916710799964
1841:NCS247,1841,3.0567530873816824,3.2843750000000003,2.4972410969911114,0.559511990390571,0.7871339030088889
1841:NCS253,1841,4.784934293227828,3.6150219298245614,1.3968168198409834,3.388117473386844,2.218205109983578
1841:NCS255,1841,0.24955482720087652,1.165833333333333,1.8090192938093599,-1.5594644666084834,-0.6431859604760268
1841:NCS262,1841,3.790241832394376,2.2687500000000003,0.7624016300748627,3.0278402023195135,1.5063483699251377
1841:NCS263,1841,4.160305916313789,7.142476851851852,2.4365077815458793,1.72379813476791,4.705969070305973
2010:1,2010,0.6986350171966839,12.06423611111111,2.3211672938538044,-1.6225322766571204,9.743068817257306
2010:13,2010,0.5165937296841676,13.128124999999997,2.7142999029822206,-2.197706173298053,10.413825097017776
2010:15,2010,5.500661745740235,15.77951388888889,7.148155157256797,-1.647493411516562,8.631358731632092
2010:17,2010,7.208863516476879,1.7947916666666661,6.466651793756168,0.742211722720711,-4.671860127089502
2010:19,2010,4.207469285458704,11.052430555555555,1.1647525924610822,3.0427166929976224,9.887677963094472
2010:25,2010,6.647909999205655,3.7778303737438907,5.488881378614506,1.1590286205911493,-1.7110510048706153
2010:27,2010,5.630590236076493,16.7375,6.82116538714714,-1.1905751510706466,9.91633461285286
2010:29,2010,5.792530714541296,14.24375,4.828161352734512,0.9643693618067832,9.415588647265487
2010:3,2010,2.0050215695490237,11.895833333333334,5.598785863310177,-3.593764293761153,6.297047470023157
2010:31,2010,4.82951799194058,7.722138181497621,4.360149417860191,0.4693685740803897,3.36198876363743
2010:33,2010,1.4454450231870883,3.394444444444444,1.3340778483235864,0.1113671748635019,2.0603665961208577
2010:35,2010,6.786669202285189,13.052083333333334,6.604695423171254,0.1819737791139353,6.44738791016208
2010:37,2010,3.5208611753736867,2.9593749999999996,1.8904756461938401,1.6303855291798466,1.0688993538061595
2010:39,2010,4.392524461768681,5.052673143561958,2.527447764706569,1.8650766970621118,2.525225378855389
2010:41,2010,4.096508777358609,4.702927662276659,4.2172495559931535,-0.12074077863454491,0.4856781062835056
2010:43,2010,4.240134029621064,5.857291666666666,2.756855253898555,1.4832787757225092,3.100436412768111
2010:5,2010,6.41523810949538,3.7025,4.074854515817319,2.3403835936780615,-0.3723545158173187
2010:7,2010,0.7353731935270922,10.645833333333334,2.60723246489972,-1.8718592713726276,8.038600868433614
2010:9,2010,8.068167995099827,1.7234374999999993,6.130575559361266,1.9375924357385612,-4.407138059361267
