Sample_ID,ols_error,calibration_error,protected_error
1001,3.617882299289653,4.324557636234673,4.339245440884262
1003,2.3767134629042346,2.3767134629042346,1.6287881047535997
1007,1.2389697691987085,0.785128508124257,0.8513601299997285
1008,9.571862077205578,9.189828475063676,9.63685584251698
1009,2.776004376568929,2.3974725952916884,0.9175014522328659
1010,2.886820059073164,3.1630301843300024,2.9528652174169423
1011,0.4689223053115181,0.8111584944233124,0.856562013335863
1012,3.6115879615415167,4.112518312689442,3.7992447533030984
1013,0.44288518200151233,0.36111758689592577,0.8171221270459151
1014,0.16503018316108253,0.4588886659815034,0.6049784483417788
1018,5.780792946242457,6.635264496984097,6.240393805805996
1020,6.503307596306024,5.808249111600568,5.896980604127759
1021,2.8968396807992725,3.2907528199711744,3.6149365678140786
1024,2.7405007876868104,3.292742888297212,3.2141999760399647
1025,8.164961871777459,7.494611898145652,7.782393582854908
1026,1.4829927999742705,0.8008941713278949,1.1172509297006161
1027,4.4581889768848875,4.0622989823011295,3.9369347454981756
1028,2.356357594363859,2.356357594363859,2.3940622792327724
1029,5.93388148272786,5.278910944639386,5.389955425935529
1030,3.419057516545197,2.6694269502326002,2.8330373253166314
1033,7.923949167458775,7.461033210693551,8.419886479212536
1034,0.4250184633511189,0.36178772822485544,0.2395593241659538
1035,1.4981858209230872,1.0649081919235215,1.1544849313892545
1037,2.2558695996410627,2.7169743338319363,2.7546448482641672
1039,3.944138217637564,3.534777155420071,3.256922342598807
1042,5.074567528890063,4.779818587744292,4.678113676163714
1043,0.8834308329278832,0.5382153704872792,0.8601230250763999
1044,0.7977684261480013,1.2326225533028274,1.0309287598362598
1045,7.570275535447031,6.968219129332584,7.103080899018032
1046,1.235299325246925,1.0749009761420538,1.9749151303713468
1048,3.1611139654103924,2.58891940182316,1.8778627006498911
1049,4.742770696995758,4.209819242122911,4.046901086034512
1051,2.204122385783407,2.348622258089415,2.189640089475064
1052,3.658968894850379,3.808890434858468,3.6419290433753457
1054,0.5079428154459175,0.28122577935865917,0.8204879951075151
1055,1.7862605959080706,2.266460398052329,1.8322315773063795
1056,6.743837143011452,6.313619343378279,6.454085142767479
1061,0.5119193006186388,1.1054436628982103,0.5469582506305611
1062,4.773078567509811,5.329407302946799,5.64512483492506
1063,4.491012688190708,4.121561629683302,4.558827079325656
1064,3.959105239157569,4.492869998767863,4.6410262004725755
1067,0.6170787876934986,0.41485168056602834,0.9624514512576118
1101,2.195459194297617,1.8281656582520232,1.5954440275980417
1103,6.915448336278236,7.5110848170857,7.384924527343201
1104,10.278138903824336,10.909339729911446,10.855417828754332
1105,4.824976899215379,5.309503037616182,5.499477712323966
1106,1.2406237427105207,1.631530185686498,2.0000225572237347
1107,0.8211264343731012,0.3833473324653364,0.45304972825456363
1108,4.161849148044406,5.253715528715321,5.048670395887581
1109,4.175584337820742,4.802338539318096,5.1082521417042654
1110,4.080518015616761,3.0772634189792547,2.891376132175118
1111,9.257224781415758,8.797177819341094,8.643331928718206
1112,2.1974559876839095,2.532530246348403,2.3496189093038544
1113,4.6416833898973655,5.497302673905332,5.540867941954261
1114,0.769810897552541,1.2345351408186527,1.647280242427995
1115,2.8379930964402504,2.2177118719505677,1.981924935763896
1116,1.8109502400436952,1.4486158825274795,0.3555415533533785
1117,0.49527089869561775,0.936196536286379,0.9810544370870957
1119,0.6293564898924421,0.2808268754238507,0.30414851609431537
1120,5.08468825875286,4.507081013966288,4.503023183188151
1121,18.21975750780944,18.279017697988294,18.391406230569938
1122,13.987587572816858,14.643173161022839,14.898942871238637
1124,1.0555308709734774,1.9706125736796618,1.910507583162148
1125,6.327238879365731,6.899807029593778,7.047813771618504
1127,3.8576445843715668,3.7095161693299104,3.068504308039497
1129,15.965657174583155,16.31439354751078,16.499902836119443
1132,12.424512289313434,11.81413795005385,11.785954325040896
1133,5.505354209647622,5.061393369825528,4.344685662152414
1136,3.836821644965118,3.3822962702577257,3.474569252388745
1138,4.585655970589269,3.4204779501665805,3.069885312622638
1145,4.8382245910414765,3.3667443309079914,2.990131905398153
1146,1.0239740031368925,0.8519612981616831,0.5081678641427748
1148,6.910243232584217,8.568515078016611,8.256578226017831
1149,7.581901341247909,6.950552195110485,6.428207938728512
5121,3.0892121008091658,2.83050493694291,3.349017640527471
5134,12.16116385489216,11.866962912942498,11.84601105993417
5197,0.7478184979930921,0.48139670914554955,0.3902987517727065
5226,5.91182794193175,5.52281523378062,5.676703052087366
5227,0.7815332640168636,0.34671081660127595,0.4316602334787009
5229,4.554387168445786,4.694552846107954,4.7199062284452795
5245,1.0907237367389087,0.9216631746147866,0.377301651576276
5246,0.7689632195778344,1.3337155945442127,1.4560935697338617
6109,0.6276860520628169,0.8631810886453136,0.8609650426068688
6119,9.526348023306833,8.873040601700636,9.336807151708038
6125,0.7157332624054741,1.9452402781330516,1.4766813740406235
6176,2.0349340394784945,2.523786759782882,2.4507660277509493
6189,3.1273266143032536,3.4056074805649814,3.426647996604744
6195,2.114868459223056,2.6750978553080222,2.3558774433137373
6200,6.169023964868761,7.19059828246056,7.55960635827645
6212,4.223040017978858,3.6097004856494053,4.0863913464515536
6220,3.0220625012946756,2.74590128570131,2.346248572744512
6240,9.347675511747278,9.586501310714178,9.478605607600715
6244,8.617565070071686,9.180159172895863,9.245626052312529
6247,3.389399619994213,2.438949819534597,1.6360500028845688
6248,6.512017697504316,6.08219667749506,6.153589230528314
6249,1.920955913769653,1.305697031051184,1.0162310971235964
6251,1.1904512608010585,0.7812847090119229,0.7952122631969848
6253,3.9189658224602533,3.5070194756592685,3.08540604488131
6255,2.917512739256685,2.582165823501324,2.543771684521128
7001,50.69447261824533,50.733123085365435,50.75455350566904
7002,5.133814520512634,6.228911923277697,6.217946820664646
7004,1.562691417200232,1.4673522823450753,1.6291038810185015
7006,3.578540765275411,4.782804539457118,4.683985863691838
7007,9.682262232993645,10.333398462186949,11.069894811092219
7010,0.7842186320615987,0.270297846560035,0.44796825316377564
7017,21.09946906478617,20.346085775555867,20.70001211646541
7022,7.3080963257501095,7.08294112443523,6.726804612927455
7029,14.674538423711416,15.08525880393394,15.85953049824675
7032,7.38623642409154,8.305196845697798,8.202655838212769
7041,5.774746290348232,5.078759901593451,4.899853094349164
7042,6.499062632652674,6.685776324681593,7.010385710995884
7047,1.4546313663601822,0.7597645635025785,1.2254565770263
7050,4.081564998114817,4.62021412957382,4.4695934719690555
7056,9.031971160332716,9.661580088198725,9.292210614036795
7061,5.378317455561043,4.897004007587245,5.453856368008869
7064,0.4883885975032077,1.2315426648784396,1.326634780202241
7065,0.6014880292271011,0.45860784556890977,0.34539059253441334
7069,3.736976193248951,3.4561544682656824,3.9201216423287293
7070,4.312867374327141,5.430664899321282,5.757770047564979
7085,0.55246452910675,0.4131914615444856,0.6212008185995875
7089,3.91329161389176,3.228094009820206,3.4379606184122884
7090,19.49893133238538,18.26520451605344,18.341304012738455
7092,1.0518073159281407,0.49560640923403554,0.4134995363807678
