cohort,shots,repeat,model,absolute_error
GSE37008,8,0,affine,3.9762894976258965
GSE37008,8,0,median,4.0
GSE37008,8,0,meta_augmented,3.5697522111477777
GSE37008,8,0,meta_no_augmentation,3.55529394260718
GSE37008,8,0,residual_linear,4.17550315125447
GSE37008,8,0,residual_rbf,4.173180880222896
GSE37008,8,0,selected_baseline,3.9762894976258965
GSE37008,8,0,source,8.200826295216878
GSE37008,8,0,target_ridge,3.982549438951944
GSE37008,8,1,affine,3.7985484884806717
GSE37008,8,1,median,4.0
GSE37008,8,1,meta_augmented,3.547101880122107
GSE37008,8,1,meta_no_augmentation,3.611470467409315
GSE37008,8,1,residual_linear,4.859825379869901
GSE37008,8,1,residual_rbf,4.849065570392272
GSE37008,8,1,selected_baseline,3.7985484884806717
GSE37008,8,1,source,8.200826295216878
GSE37008,8,1,target_ridge,3.972574423605035
GSE37008,8,2,affine,3.5932985278608625
GSE37008,8,2,median,4.0
GSE37008,8,2,meta_augmented,3.8175606599525675
GSE37008,8,2,meta_no_augmentation,3.82266843182803
GSE37008,8,2,residual_linear,3.954470054901749
GSE37008,8,2,residual_rbf,3.9548134607175895
GSE37008,8,2,selected_baseline,3.5932985278608625
GSE37008,8,2,source,8.200826295216878
GSE37008,8,2,target_ridge,4.033418976340675
GSE37008,8,3,affine,4.275886310121477
GSE37008,8,3,median,4.666666666666667
GSE37008,8,3,meta_augmented,3.6630526697575174
GSE37008,8,3,meta_no_augmentation,3.6285235216092198
GSE37008,8,3,residual_linear,5.2933167883627465
GSE37008,8,3,residual_rbf,4.767219842443631
GSE37008,8,3,selected_baseline,5.819499844447202
GSE37008,8,3,source,8.200826295216878
GSE37008,8,3,target_ridge,5.819499844447202
GSE37008,8,4,affine,5.007715041502534
GSE37008,8,4,median,4.2
GSE37008,8,4,meta_augmented,4.30498597857029
GSE37008,8,4,meta_no_augmentation,4.279034511090893
GSE37008,8,4,residual_linear,3.942577725294712
GSE37008,8,4,residual_rbf,3.9423926115143595
GSE37008,8,4,selected_baseline,5.007715041502534
GSE37008,8,4,source,8.200826295216878
GSE37008,8,4,target_ridge,4.226025866149666
GSE37008,8,5,affine,4.1036845265291735
GSE37008,8,5,median,4.2
GSE37008,8,5,meta_augmented,3.4208289219474324
GSE37008,8,5,meta_no_augmentation,3.3830643693137925
GSE37008,8,5,residual_linear,3.9092138340793166
GSE37008,8,5,residual_rbf,3.9119359182944913
GSE37008,8,5,selected_baseline,4.872477834508263
GSE37008,8,5,source,8.200826295216878
GSE37008,8,5,target_ridge,4.872477834508263
GSE37008,8,6,affine,4.914867305961988
GSE37008,8,6,median,4.8
GSE37008,8,6,meta_augmented,3.8391159694217705
GSE37008,8,6,meta_no_augmentation,3.8657497423606815
GSE37008,8,6,residual_linear,3.9708292995803065
GSE37008,8,6,residual_rbf,3.975686894580765
GSE37008,8,6,selected_baseline,4.914867305961988
GSE37008,8,6,source,8.200826295216878
GSE37008,8,6,target_ridge,4.63146405146114
GSE37008,8,7,affine,3.645130563535185
GSE37008,8,7,median,4.0
GSE37008,8,7,meta_augmented,3.765064367768533
GSE37008,8,7,meta_no_augmentation,3.7190607488290315
GSE37008,8,7,residual_linear,4.2022290217052625
GSE37008,8,7,residual_rbf,4.123471305136795
GSE37008,8,7,selected_baseline,4.2022290217052625
GSE37008,8,7,source,8.200826295216878
GSE37008,8,7,target_ridge,4.038617464082882
GSE37008,8,8,affine,3.442935537702401
GSE37008,8,8,median,3.966666666666667
GSE37008,8,8,meta_augmented,3.91614868930419
GSE37008,8,8,meta_no_augmentation,3.922137502216882
GSE37008,8,8,residual_linear,3.915275862829755
GSE37008,8,8,residual_rbf,3.914151352255548
GSE37008,8,8,selected_baseline,3.915275862829755
GSE37008,8,8,source,8.200826295216878
GSE37008,8,8,target_ridge,4.040885340749976
GSE37008,8,9,affine,3.8411653701569497
GSE37008,8,9,median,4.0
GSE37008,8,9,meta_augmented,3.5309059370695053
GSE37008,8,9,meta_no_augmentation,3.5433853039488454
GSE37008,8,9,residual_linear,4.29698505317295
GSE37008,8,9,residual_rbf,4.073069186143561
GSE37008,8,9,selected_baseline,3.8411653701569497
GSE37008,8,9,source,8.200826295216878
GSE37008,8,9,target_ridge,3.9646458991393936
GSE37008,8,10,affine,4.140154284891046
GSE37008,8,10,median,4.2
GSE37008,8,10,meta_augmented,4.010684348546838
GSE37008,8,10,meta_no_augmentation,3.9137203869090467
GSE37008,8,10,residual_linear,5.245120745257178
GSE37008,8,10,residual_rbf,5.17211047066564
GSE37008,8,10,selected_baseline,5.17211047066564
GSE37008,8,10,source,8.200826295216878
GSE37008,8,10,target_ridge,4.378015448446137
GSE37008,8,11,affine,3.7034332938068046
GSE37008,8,11,median,4.033333333333333
GSE37008,8,11,meta_augmented,3.599493490818441
GSE37008,8,11,meta_no_augmentation,3.602911538724517
GSE37008,8,11,residual_linear,3.9104368072516498
GSE37008,8,11,residual_rbf,3.9072544153009567
GSE37008,8,11,selected_baseline,3.7034332938068046
GSE37008,8,11,source,8.200826295216878
GSE37008,8,11,target_ridge,3.9853190741558135
GSE37008,8,12,affine,4.608715846912362
GSE37008,8,12,median,4.566666666666666
GSE37008,8,12,meta_augmented,4.148464081377276
GSE37008,8,12,meta_no_augmentation,4.289035221062639
GSE37008,8,12,residual_linear,4.799599979028723
GSE37008,8,12,residual_rbf,4.793211568610059
GSE37008,8,12,selected_baseline,4.612272871901123
GSE37008,8,12,source,8.200826295216878
GSE37008,8,12,target_ridge,4.612272871901123
GSE37008,8,13,affine,4.291997431793297
GSE37008,8,13,median,4.2
GSE37008,8,13,meta_augmented,3.777609628633425
GSE37008,8,13,meta_no_augmentation,3.764407974221236
GSE37008,8,13,residual_linear,3.634211727276635
GSE37008,8,13,residual_rbf,3.6584721492280736
GSE37008,8,13,selected_baseline,4.414375730541343
GSE37008,8,13,source,8.200826295216878
GSE37008,8,13,target_ridge,4.414375730541343
GSE37008,8,14,affine,5.827292826854741
GSE37008,8,14,median,4.8
GSE37008,8,14,meta_augmented,4.979769513960933
GSE37008,8,14,meta_no_augmentation,4.8690247193059895
GSE37008,8,14,residual_linear,4.673215447194496
GSE37008,8,14,residual_rbf,4.663862747334191
GSE37008,8,14,selected_baseline,4.673215447194496
GSE37008,8,14,source,8.200826295216878
GSE37008,8,14,target_ridge,4.542145492812398
GSE37008,8,15,affine,3.7519886543928376
GSE37008,8,15,median,4.883333333333334
GSE37008,8,15,meta_augmented,4.111833178624573
GSE37008,8,15,meta_no_augmentation,4.038978469674917
GSE37008,8,15,residual_linear,4.0897781166168805
GSE37008,8,15,residual_rbf,4.0931274631395445
GSE37008,8,15,selected_baseline,4.0897781166168805
GSE37008,8,15,source,8.200826295216878
GSE37008,8,15,target_ridge,4.230219919081607
GSE37008,8,16,affine,4.183932120847109
GSE37008,8,16,median,5.766666666666667
GSE37008,8,16,meta_augmented,4.113191259146025
GSE37008,8,16,meta_no_augmentation,4.085298867774122
GSE37008,8,16,residual_linear,3.9402589985350898
GSE37008,8,16,residual_rbf,3.9398286714220023
GSE37008,8,16,selected_baseline,3.9402589985350898
GSE37008,8,16,source,8.200826295216878
GSE37008,8,16,target_ridge,4.881297015471536
GSE37008,8,17,affine,4.106692963171704
GSE37008,8,17,median,4.3
GSE37008,8,17,meta_augmented,3.6534103870345502
GSE37008,8,17,meta_no_augmentation,3.591168372792778
GSE37008,8,17,residual_linear,4.190922318182975
GSE37008,8,17,residual_rbf,3.8746724535810793
GSE37008,8,17,selected_baseline,4.3
GSE37008,8,17,source,8.200826295216878
GSE37008,8,17,target_ridge,4.1072625816690005
GSE37008,8,18,affine,4.0263189433172535
GSE37008,8,18,median,4.033333333333333
GSE37008,8,18,meta_augmented,3.4448745996681907
GSE37008,8,18,meta_no_augmentation,3.452157658247188
GSE37008,8,18,residual_linear,4.009060639283748
GSE37008,8,18,residual_rbf,4.008601927603758
GSE37008,8,18,selected_baseline,3.9889989998610815
GSE37008,8,18,source,8.200826295216878
GSE37008,8,18,target_ridge,3.9889989998610815
GSE37008,8,19,affine,3.747511432615867
GSE37008,8,19,median,4.033333333333333
GSE37008,8,19,meta_augmented,3.992992995063423
GSE37008,8,19,meta_no_augmentation,3.926566714584354
GSE37008,8,19,residual_linear,6.310651162942231
GSE37008,8,19,residual_rbf,5.202984250726518
GSE37008,8,19,selected_baseline,6.310651162942231
GSE37008,8,19,source,8.200826295216878
GSE37008,8,19,target_ridge,6.915770976139931
GSE37008,16,0,affine,3.8785090633596155
GSE37008,16,0,median,3.966666666666667
GSE37008,16,0,meta_augmented,3.773896463724242
GSE37008,16,0,meta_no_augmentation,3.7178350480426228
GSE37008,16,0,residual_linear,4.254422714648298
GSE37008,16,0,residual_rbf,4.596956353727439
GSE37008,16,0,selected_baseline,4.596956353727439
GSE37008,16,0,source,8.200826295216878
GSE37008,16,0,target_ridge,4.017553337576633
GSE37008,16,1,affine,3.9534688318358757
GSE37008,16,1,median,4.0
GSE37008,16,1,meta_augmented,3.4802026121875476
GSE37008,16,1,meta_no_augmentation,3.541171631036692
GSE37008,16,1,residual_linear,3.746523648452619
GSE37008,16,1,residual_rbf,3.8129694772866043
GSE37008,16,1,selected_baseline,3.8129694772866043
GSE37008,16,1,source,8.200826295216878
GSE37008,16,1,target_ridge,3.9715039374871437
GSE37008,16,2,affine,3.757546745972908
GSE37008,16,2,median,3.966666666666667
GSE37008,16,2,meta_augmented,3.8889994675753408
GSE37008,16,2,meta_no_augmentation,3.871589736809469
GSE37008,16,2,residual_linear,3.9627516856645872
GSE37008,16,2,residual_rbf,3.9676251889614482
GSE37008,16,2,selected_baseline,3.9627516856645872
GSE37008,16,2,source,8.200826295216878
GSE37008,16,2,target_ridge,4.160358907151244
GSE37008,16,3,affine,4.270565360316144
GSE37008,16,3,median,4.3
GSE37008,16,3,meta_augmented,3.7197799885030576
GSE37008,16,3,meta_no_augmentation,3.660638845439906
GSE37008,16,3,residual_linear,3.849286322438646
GSE37008,16,3,residual_rbf,3.907257087642144
GSE37008,16,3,selected_baseline,4.518068117988665
GSE37008,16,3,source,8.200826295216878
GSE37008,16,3,target_ridge,4.518068117988665
GSE37008,16,4,affine,3.8779069423403354
GSE37008,16,4,median,4.2
GSE37008,16,4,meta_augmented,3.95733121046291
GSE37008,16,4,meta_no_augmentation,3.8861258019040235
GSE37008,16,4,residual_linear,4.300455667158405
GSE37008,16,4,residual_rbf,4.283215596933627
GSE37008,16,4,selected_baseline,4.300455667158405
GSE37008,16,4,source,8.200826295216878
GSE37008,16,4,target_ridge,4.217903036442353
GSE37008,16,5,affine,3.467033688369656
GSE37008,16,5,median,4.0
GSE37008,16,5,meta_augmented,3.6780377420607313
GSE37008,16,5,meta_no_augmentation,3.583663101714309
GSE37008,16,5,residual_linear,3.9637011498281214
GSE37008,16,5,residual_rbf,3.9600034125394266
GSE37008,16,5,selected_baseline,3.467033688369656
GSE37008,16,5,source,8.200826295216878
GSE37008,16,5,target_ridge,4.748047037622476
GSE37008,16,6,affine,4.419218975585083
GSE37008,16,6,median,4.2
GSE37008,16,6,meta_augmented,3.7195207697830663
GSE37008,16,6,meta_no_augmentation,3.7796485580629144
GSE37008,16,6,residual_linear,4.034872076930516
GSE37008,16,6,residual_rbf,4.127709840820264
GSE37008,16,6,selected_baseline,4.2
GSE37008,16,6,source,8.200826295216878
GSE37008,16,6,target_ridge,4.411933530499779
GSE37008,16,7,affine,3.96595664765192
GSE37008,16,7,median,4.0
GSE37008,16,7,meta_augmented,3.582336885895452
GSE37008,16,7,meta_no_augmentation,3.62805374047092
GSE37008,16,7,residual_linear,3.751624993637329
GSE37008,16,7,residual_rbf,3.790457388927875
GSE37008,16,7,selected_baseline,3.96595664765192
GSE37008,16,7,source,8.200826295216878
GSE37008,16,7,target_ridge,3.9637462139812434
GSE37008,16,8,affine,3.617884670590725
GSE37008,16,8,median,3.966666666666667
GSE37008,16,8,meta_augmented,3.794184458276081
GSE37008,16,8,meta_no_augmentation,3.7401559177672836
GSE37008,16,8,residual_linear,3.9261778446295477
GSE37008,16,8,residual_rbf,3.9284439930380075
GSE37008,16,8,selected_baseline,3.9261778446295477
GSE37008,16,8,source,8.200826295216878
GSE37008,16,8,target_ridge,3.9866358104186093
GSE37008,16,9,affine,4.058449009198976
GSE37008,16,9,median,4.033333333333333
GSE37008,16,9,meta_augmented,3.5606606522359487
GSE37008,16,9,meta_no_augmentation,3.541991248332636
GSE37008,16,9,residual_linear,3.8803557430788898
GSE37008,16,9,residual_rbf,3.8769461948205315
GSE37008,16,9,selected_baseline,4.033333333333333
GSE37008,16,9,source,8.200826295216878
GSE37008,16,9,target_ridge,4.085630735660366
GSE37008,16,10,affine,3.66593096286678
GSE37008,16,10,median,4.033333333333333
GSE37008,16,10,meta_augmented,3.942143358605723
GSE37008,16,10,meta_no_augmentation,3.9361728006950836
GSE37008,16,10,residual_linear,4.067011872414647
GSE37008,16,10,residual_rbf,4.081977453936206
GSE37008,16,10,selected_baseline,4.067011872414647
GSE37008,16,10,source,8.200826295216878
GSE37008,16,10,target_ridge,4.239878101579272
GSE37008,16,11,affine,3.5949191297948846
GSE37008,16,11,median,4.033333333333333
GSE37008,16,11,meta_augmented,3.6632947664353614
GSE37008,16,11,meta_no_augmentation,3.654239716783199
GSE37008,16,11,residual_linear,4.074292218243084
GSE37008,16,11,residual_rbf,4.073789251921532
GSE37008,16,11,selected_baseline,4.074292218243084
GSE37008,16,11,source,8.200826295216878
GSE37008,16,11,target_ridge,4.183937131437625
GSE37008,16,12,affine,3.7717857615011794
GSE37008,16,12,median,4.0
GSE37008,16,12,meta_augmented,3.5187754281385883
GSE37008,16,12,meta_no_augmentation,3.5929222554037428
GSE37008,16,12,residual_linear,3.881201855520304
GSE37008,16,12,residual_rbf,3.938717142977638
GSE37008,16,12,selected_baseline,3.7717857615011794
GSE37008,16,12,source,8.200826295216878
GSE37008,16,12,target_ridge,4.0047781134684834
GSE37008,16,13,affine,4.16921797900027
GSE37008,16,13,median,4.2
GSE37008,16,13,meta_augmented,3.5706599263025343
GSE37008,16,13,meta_no_augmentation,3.5228473385457573
GSE37008,16,13,residual_linear,4.187883821510941
GSE37008,16,13,residual_rbf,3.9546461833471125
GSE37008,16,13,selected_baseline,4.974680159123725
GSE37008,16,13,source,8.200826295216878
GSE37008,16,13,target_ridge,4.974680159123725
GSE37008,16,14,affine,3.685653015576227
GSE37008,16,14,median,4.033333333333333
GSE37008,16,14,meta_augmented,3.368465377712546
GSE37008,16,14,meta_no_augmentation,3.3368740628389206
GSE37008,16,14,residual_linear,3.9212402809511056
GSE37008,16,14,residual_rbf,3.9925057474241874
GSE37008,16,14,selected_baseline,3.9925057474241874
GSE37008,16,14,source,8.200826295216878
GSE37008,16,14,target_ridge,5.19780638656845
GSE37008,16,15,affine,3.581967631146767
GSE37008,16,15,median,4.1
GSE37008,16,15,meta_augmented,3.7151598398002403
GSE37008,16,15,meta_no_augmentation,3.682262561631474
GSE37008,16,15,residual_linear,4.03249120431957
GSE37008,16,15,residual_rbf,4.036060387514205
GSE37008,16,15,selected_baseline,3.581967631146767
GSE37008,16,15,source,8.200826295216878
GSE37008,16,15,target_ridge,4.118231813096715
GSE37008,16,16,affine,3.7435058355392425
GSE37008,16,16,median,3.966666666666667
GSE37008,16,16,meta_augmented,3.966454909515851
GSE37008,16,16,meta_no_augmentation,3.886607003634754
GSE37008,16,16,residual_linear,3.9378510967184743
GSE37008,16,16,residual_rbf,3.9471501158279767
GSE37008,16,16,selected_baseline,3.9378510967184743
GSE37008,16,16,source,8.200826295216878
GSE37008,16,16,target_ridge,5.228535882486346
GSE37008,16,17,affine,3.9417384190689924
GSE37008,16,17,median,4.0
GSE37008,16,17,meta_augmented,3.5063699002958963
GSE37008,16,17,meta_no_augmentation,3.516757620714898
GSE37008,16,17,residual_linear,3.978929312987717
GSE37008,16,17,residual_rbf,4.013417189762178
GSE37008,16,17,selected_baseline,3.9202276729368704
GSE37008,16,17,source,8.200826295216878
GSE37008,16,17,target_ridge,3.9202276729368704
GSE37008,16,18,affine,3.8477591213979516
GSE37008,16,18,median,4.0
GSE37008,16,18,meta_augmented,3.483923122109483
GSE37008,16,18,meta_no_augmentation,3.548882256374299
GSE37008,16,18,residual_linear,3.834606855971324
GSE37008,16,18,residual_rbf,3.8218669899509274
GSE37008,16,18,selected_baseline,3.8477591213979516
GSE37008,16,18,source,8.200826295216878
GSE37008,16,18,target_ridge,3.9959977997236527
GSE37008,16,19,affine,3.818498644015388
GSE37008,16,19,median,4.033333333333333
GSE37008,16,19,meta_augmented,3.502030530633368
GSE37008,16,19,meta_no_augmentation,3.491811972990462
GSE37008,16,19,residual_linear,3.8626897116179446
GSE37008,16,19,residual_rbf,3.8889365646990486
GSE37008,16,19,selected_baseline,4.110659692597975
GSE37008,16,19,source,8.200826295216878
GSE37008,16,19,target_ridge,4.110659692597975
GSE37008,32,0,affine,3.6616964384827217
GSE37008,32,0,median,3.966666666666667
GSE37008,32,0,meta_augmented,3.4231304640316873
GSE37008,32,0,meta_no_augmentation,3.400887929255482
GSE37008,32,0,residual_linear,3.798926319658989
GSE37008,32,0,residual_rbf,3.8687326492863217
GSE37008,32,0,selected_baseline,3.9325288387427384
GSE37008,32,0,source,8.200826295216878
GSE37008,32,0,target_ridge,3.9325288387427384
GSE37008,32,1,affine,3.6616935281538003
GSE37008,32,1,median,3.966666666666667
GSE37008,32,1,meta_augmented,3.4231304640316833
GSE37008,32,1,meta_no_augmentation,3.40088792925548
GSE37008,32,1,residual_linear,4.567019891299541
GSE37008,32,1,residual_rbf,3.8180225619709924
GSE37008,32,1,selected_baseline,4.567019891299541
GSE37008,32,1,source,8.200826295216878
GSE37008,32,1,target_ridge,3.932528838742738
GSE37008,32,2,affine,3.6616942039020843
GSE37008,32,2,median,3.966666666666667
GSE37008,32,2,meta_augmented,3.4231304640316917
GSE37008,32,2,meta_no_augmentation,3.4008879292554735
GSE37008,32,2,residual_linear,3.798926319658989
GSE37008,32,2,residual_rbf,3.8687326492863217
GSE37008,32,2,selected_baseline,3.9325288387427384
GSE37008,32,2,source,8.200826295216878
GSE37008,32,2,target_ridge,3.9325288387427384
GSE37008,32,3,affine,3.6616941076919023
GSE37008,32,3,median,3.966666666666667
GSE37008,32,3,meta_augmented,3.423130464031692
GSE37008,32,3,meta_no_augmentation,3.400887929255482
GSE37008,32,3,residual_linear,3.798926319658989
GSE37008,32,3,residual_rbf,3.8180225619709924
GSE37008,32,3,selected_baseline,3.798926319658989
GSE37008,32,3,source,8.200826295216878
GSE37008,32,3,target_ridge,3.9325288387427384
GSE37008,32,4,affine,3.5267308483306072
GSE37008,32,4,median,3.966666666666667
GSE37008,32,4,meta_augmented,3.4231304640316997
GSE37008,32,4,meta_no_augmentation,3.4008879292554828
GSE37008,32,4,residual_linear,3.7989263196589884
GSE37008,32,4,residual_rbf,3.8180225619709924
GSE37008,32,4,selected_baseline,3.7989263196589884
GSE37008,32,4,source,8.200826295216878
GSE37008,32,4,target_ridge,3.9325288387427384
GSE37008,32,5,affine,3.661693727708083
GSE37008,32,5,median,3.966666666666667
GSE37008,32,5,meta_augmented,3.4231304640316873
GSE37008,32,5,meta_no_augmentation,3.400887929255485
GSE37008,32,5,residual_linear,3.798926319658989
GSE37008,32,5,residual_rbf,3.818022561970992
GSE37008,32,5,selected_baseline,3.661693727708083
GSE37008,32,5,source,8.200826295216878
GSE37008,32,5,target_ridge,3.9325288387427384
GSE37008,32,6,affine,3.942206369049261
GSE37008,32,6,median,3.966666666666667
GSE37008,32,6,meta_augmented,3.423130464031691
GSE37008,32,6,meta_no_augmentation,3.4008879292554814
GSE37008,32,6,residual_linear,3.7989263196589893
GSE37008,32,6,residual_rbf,3.818022561970993
GSE37008,32,6,selected_baseline,3.7989263196589893
GSE37008,32,6,source,8.200826295216878
GSE37008,32,6,target_ridge,3.932528838742739
GSE37008,32,7,affine,3.6616913330289407
GSE37008,32,7,median,3.966666666666667
GSE37008,32,7,meta_augmented,3.423130464031699
GSE37008,32,7,meta_no_augmentation,3.400887929255481
GSE37008,32,7,residual_linear,3.798926319658989
GSE37008,32,7,residual_rbf,3.8180225619709924
GSE37008,32,7,selected_baseline,3.798926319658989
GSE37008,32,7,source,8.200826295216878
GSE37008,32,7,target_ridge,3.9325288387427397
GSE37008,32,8,affine,3.942206427558107
GSE37008,32,8,median,3.966666666666667
GSE37008,32,8,meta_augmented,3.4231304640316873
GSE37008,32,8,meta_no_augmentation,3.400887929255484
GSE37008,32,8,residual_linear,3.7989263196589884
GSE37008,32,8,residual_rbf,3.8180225619709924
GSE37008,32,8,selected_baseline,3.932528838742739
GSE37008,32,8,source,8.200826295216878
GSE37008,32,8,target_ridge,3.932528838742739
GSE37008,32,9,affine,3.6616950420413805
GSE37008,32,9,median,3.966666666666667
GSE37008,32,9,meta_augmented,3.423130464031691
GSE37008,32,9,meta_no_augmentation,3.4008879292554814
GSE37008,32,9,residual_linear,3.798926319658989
GSE37008,32,9,residual_rbf,3.8180225619709924
GSE37008,32,9,selected_baseline,3.798926319658989
GSE37008,32,9,source,8.200826295216878
GSE37008,32,9,target_ridge,3.932528838742739
GSE37008,32,10,affine,3.526731961307254
GSE37008,32,10,median,3.966666666666667
GSE37008,32,10,meta_augmented,3.42313046403168
GSE37008,32,10,meta_no_augmentation,3.4008879292554846
GSE37008,32,10,residual_linear,3.7989263196589893
GSE37008,32,10,residual_rbf,3.818022561970992
GSE37008,32,10,selected_baseline,3.526731961307254
GSE37008,32,10,source,8.200826295216878
GSE37008,32,10,target_ridge,3.9325288387427384
GSE37008,32,11,affine,3.6616946597116375
GSE37008,32,11,median,3.966666666666667
GSE37008,32,11,meta_augmented,3.4231304640316935
GSE37008,32,11,meta_no_augmentation,3.400887929255478
GSE37008,32,11,residual_linear,3.798926319658989
GSE37008,32,11,residual_rbf,3.818022561970992
GSE37008,32,11,selected_baseline,3.798926319658989
GSE37008,32,11,source,8.200826295216878
GSE37008,32,11,target_ridge,3.9325288387427384
GSE37008,32,12,affine,3.526722488694554
GSE37008,32,12,median,3.966666666666667
GSE37008,32,12,meta_augmented,3.4231304640316935
GSE37008,32,12,meta_no_augmentation,3.400887929255482
GSE37008,32,12,residual_linear,3.798926319658989
GSE37008,32,12,residual_rbf,3.818022561970992
GSE37008,32,12,selected_baseline,3.818022561970992
GSE37008,32,12,source,8.200826295216878
GSE37008,32,12,target_ridge,3.932528838742739
GSE37008,32,13,affine,3.9422065559669903
GSE37008,32,13,median,3.966666666666667
GSE37008,32,13,meta_augmented,3.423130464031692
GSE37008,32,13,meta_no_augmentation,3.4008879292554868
GSE37008,32,13,residual_linear,3.798926319658989
GSE37008,32,13,residual_rbf,3.818022561970992
GSE37008,32,13,selected_baseline,3.798926319658989
GSE37008,32,13,source,8.200826295216878
GSE37008,32,13,target_ridge,3.932528838742739
GSE37008,32,14,affine,3.661691897609366
GSE37008,32,14,median,3.966666666666667
GSE37008,32,14,meta_augmented,3.4231304640316895
GSE37008,32,14,meta_no_augmentation,3.400887929255489
GSE37008,32,14,residual_linear,3.7989263196589884
GSE37008,32,14,residual_rbf,3.818022561970992
GSE37008,32,14,selected_baseline,3.7989263196589884
GSE37008,32,14,source,8.200826295216878
GSE37008,32,14,target_ridge,3.932528838742739
GSE37008,32,15,affine,3.6616942571586244
GSE37008,32,15,median,3.966666666666667
GSE37008,32,15,meta_augmented,3.4231304640316913
GSE37008,32,15,meta_no_augmentation,3.4008879292554814
GSE37008,32,15,residual_linear,3.7989263196589893
GSE37008,32,15,residual_rbf,3.818022561970992
GSE37008,32,15,selected_baseline,3.818022561970992
GSE37008,32,15,source,8.200826295216878
GSE37008,32,15,target_ridge,3.9325288387427384
GSE37008,32,16,affine,3.6616943999709606
GSE37008,32,16,median,3.966666666666667
GSE37008,32,16,meta_augmented,3.4231304640316917
GSE37008,32,16,meta_no_augmentation,3.4008879292554828
GSE37008,32,16,residual_linear,3.8699538217756886
GSE37008,32,16,residual_rbf,3.8687326492863217
GSE37008,32,16,selected_baseline,3.932528838742739
GSE37008,32,16,source,8.200826295216878
GSE37008,32,16,target_ridge,3.932528838742739
GSE37008,32,17,affine,3.5267199114895935
GSE37008,32,17,median,3.966666666666667
GSE37008,32,17,meta_augmented,3.4231304640316855
GSE37008,32,17,meta_no_augmentation,3.4008879292554868
GSE37008,32,17,residual_linear,3.856177856778264
GSE37008,32,17,residual_rbf,3.8180225619709915
GSE37008,32,17,selected_baseline,3.856177856778264
GSE37008,32,17,source,8.200826295216878
GSE37008,32,17,target_ridge,3.932528838742739
GSE37008,32,18,affine,3.6616943954594983
GSE37008,32,18,median,3.966666666666667
GSE37008,32,18,meta_augmented,3.4231304640316913
GSE37008,32,18,meta_no_augmentation,3.4008879292554846
GSE37008,32,18,residual_linear,3.7989263196589884
GSE37008,32,18,residual_rbf,3.8180225619709924
GSE37008,32,18,selected_baseline,3.8180225619709924
GSE37008,32,18,source,8.200826295216878
GSE37008,32,18,target_ridge,3.932528838742739
GSE37008,32,19,affine,3.6616945858917798
GSE37008,32,19,median,3.966666666666667
GSE37008,32,19,meta_augmented,3.4231304640316957
GSE37008,32,19,meta_no_augmentation,3.400887929255476
GSE37008,32,19,residual_linear,3.798926319658989
GSE37008,32,19,residual_rbf,3.8180225619709924
GSE37008,32,19,selected_baseline,3.9325288387427384
GSE37008,32,19,source,8.200826295216878
GSE37008,32,19,target_ridge,3.9325288387427384
GSE40279,8,0,affine,7.001485226265642
GSE40279,8,0,median,12.166666666666666
GSE40279,8,0,meta_augmented,7.084207954746304
GSE40279,8,0,meta_no_augmentation,7.094235463434688
GSE40279,8,0,residual_linear,7.004253806031505
GSE40279,8,0,residual_rbf,6.969452590334639
GSE40279,8,0,selected_baseline,6.969452590334639
GSE40279,8,0,source,6.841620134584831
GSE40279,8,0,target_ridge,12.017535859638235
GSE40279,8,1,affine,6.850743510785032
GSE40279,8,1,median,12.087121212121213
GSE40279,8,1,meta_augmented,6.744161516866718
GSE40279,8,1,meta_no_augmentation,6.6995203325097314
GSE40279,8,1,residual_linear,6.409214189562844
GSE40279,8,1,residual_rbf,6.4158391661882765
GSE40279,8,1,selected_baseline,6.4158391661882765
GSE40279,8,1,source,6.841620134584831
GSE40279,8,1,target_ridge,9.91108902869524
GSE40279,8,2,affine,7.004920933963251
GSE40279,8,2,median,14.098484848484848
GSE40279,8,2,meta_augmented,6.900570449132234
GSE40279,8,2,meta_no_augmentation,6.9661180289922715
GSE40279,8,2,residual_linear,6.7632307868424935
GSE40279,8,2,residual_rbf,6.756264664551456
GSE40279,8,2,selected_baseline,6.841620134584831
GSE40279,8,2,source,6.841620134584831
GSE40279,8,2,target_ridge,11.4929563562512
GSE40279,8,3,affine,10.954910719904715
GSE40279,8,3,median,12.166666666666666
GSE40279,8,3,meta_augmented,7.251862015653746
GSE40279,8,3,meta_no_augmentation,7.244396763669749
GSE40279,8,3,residual_linear,7.040373694405779
GSE40279,8,3,residual_rbf,7.033492518117023
GSE40279,8,3,selected_baseline,12.518104859618356
GSE40279,8,3,source,6.841620134584831
GSE40279,8,3,target_ridge,12.518104859618356
GSE40279,8,4,affine,12.223184454914442
GSE40279,8,4,median,13.704545454545455
GSE40279,8,4,meta_augmented,9.11132218563645
GSE40279,8,4,meta_no_augmentation,8.993713801816655
GSE40279,8,4,residual_linear,7.230704075833521
GSE40279,8,4,residual_rbf,6.629928547511228
GSE40279,8,4,selected_baseline,13.704545454545455
GSE40279,8,4,source,6.841620134584831
GSE40279,8,4,target_ridge,13.053104128550098
GSE40279,8,5,affine,8.108272646987258
GSE40279,8,5,median,13.333333333333334
GSE40279,8,5,meta_augmented,7.461181717323094
GSE40279,8,5,meta_no_augmentation,7.6657402354126605
GSE40279,8,5,residual_linear,7.511022430268343
GSE40279,8,5,residual_rbf,7.5142052411764935
GSE40279,8,5,selected_baseline,6.841620134584831
GSE40279,8,5,source,6.841620134584831
GSE40279,8,5,target_ridge,11.758333176384234
GSE40279,8,6,affine,6.657411383003869
GSE40279,8,6,median,12.068181818181818
GSE40279,8,6,meta_augmented,6.594160100533617
GSE40279,8,6,meta_no_augmentation,6.5513975999417555
GSE40279,8,6,residual_linear,6.078939079006972
GSE40279,8,6,residual_rbf,6.049774806080678
GSE40279,8,6,selected_baseline,6.841620134584831
GSE40279,8,6,source,6.841620134584831
GSE40279,8,6,target_ridge,10.424112767625235
GSE40279,8,7,affine,12.95860753680426
GSE40279,8,7,median,12.43939393939394
GSE40279,8,7,meta_augmented,8.886065693864714
GSE40279,8,7,meta_no_augmentation,8.779747077898794
GSE40279,8,7,residual_linear,9.532604880377944
GSE40279,8,7,residual_rbf,9.014857075992413
GSE40279,8,7,selected_baseline,9.532604880377944
GSE40279,8,7,source,6.841620134584831
GSE40279,8,7,target_ridge,14.455243397711902
GSE40279,8,8,affine,6.688624640403796
GSE40279,8,8,median,12.848484848484848
GSE40279,8,8,meta_augmented,6.716400668383192
GSE40279,8,8,meta_no_augmentation,6.64935422828253
GSE40279,8,8,residual_linear,7.19999117110453
GSE40279,8,8,residual_rbf,7.189503546574014
GSE40279,8,8,selected_baseline,6.841620134584831
GSE40279,8,8,source,6.841620134584831
GSE40279,8,8,target_ridge,12.34335501858122
GSE40279,8,9,affine,8.261901915269927
GSE40279,8,9,median,12.12689393939394
GSE40279,8,9,meta_augmented,8.24728436702632
GSE40279,8,9,meta_no_augmentation,8.238493772007285
GSE40279,8,9,residual_linear,8.687703272257169
GSE40279,8,9,residual_rbf,8.691500136079965
GSE40279,8,9,selected_baseline,8.687703272257169
GSE40279,8,9,source,6.841620134584831
GSE40279,8,9,target_ridge,12.152093952210757
GSE40279,8,10,affine,8.425659574762914
GSE40279,8,10,median,12.236742424242424
GSE40279,8,10,meta_augmented,6.812111791639107
GSE40279,8,10,meta_no_augmentation,6.768250188025406
GSE40279,8,10,residual_linear,7.237750838959343
GSE40279,8,10,residual_rbf,7.23581269844802
GSE40279,8,10,selected_baseline,11.803985934057362
GSE40279,8,10,source,6.841620134584831
GSE40279,8,10,target_ridge,11.803985934057362
GSE40279,8,11,affine,9.057983336232049
GSE40279,8,11,median,13.164772727272727
GSE40279,8,11,meta_augmented,7.126006969053976
GSE40279,8,11,meta_no_augmentation,6.998546070297848
GSE40279,8,11,residual_linear,7.830690176101794
GSE40279,8,11,residual_rbf,7.621012288389115
GSE40279,8,11,selected_baseline,11.836108759049171
GSE40279,8,11,source,6.841620134584831
GSE40279,8,11,target_ridge,11.836108759049171
GSE40279,8,12,affine,11.636909322237159
GSE40279,8,12,median,13.090909090909092
GSE40279,8,12,meta_augmented,7.759975021045079
GSE40279,8,12,meta_no_augmentation,7.7489030665251315
GSE40279,8,12,residual_linear,6.9576078899778135
GSE40279,8,12,residual_rbf,6.880113077799282
GSE40279,8,12,selected_baseline,11.532992100732207
GSE40279,8,12,source,6.841620134584831
GSE40279,8,12,target_ridge,11.532992100732207
GSE40279,8,13,affine,7.616166801951578
GSE40279,8,13,median,14.808712121212121
GSE40279,8,13,meta_augmented,7.728767506683226
GSE40279,8,13,meta_no_augmentation,7.750202569236156
GSE40279,8,13,residual_linear,7.60082529903695
GSE40279,8,13,residual_rbf,7.608523283442578
GSE40279,8,13,selected_baseline,6.841620134584831
GSE40279,8,13,source,6.841620134584831
GSE40279,8,13,target_ridge,11.59366464012996
GSE40279,8,14,affine,8.874126499044513
GSE40279,8,14,median,15.590909090909092
GSE40279,8,14,meta_augmented,8.593195587577105
GSE40279,8,14,meta_no_augmentation,8.618880086464666
GSE40279,8,14,residual_linear,7.89768876162309
GSE40279,8,14,residual_rbf,7.5700902813826385
GSE40279,8,14,selected_baseline,7.89768876162309
GSE40279,8,14,source,6.841620134584831
GSE40279,8,14,target_ridge,13.750181358236402
GSE40279,8,15,affine,8.196753970112557
GSE40279,8,15,median,12.087121212121213
GSE40279,8,15,meta_augmented,8.29577108658616
GSE40279,8,15,meta_no_augmentation,8.25260533345534
GSE40279,8,15,residual_linear,7.599452988026778
GSE40279,8,15,residual_rbf,7.275171966076115
GSE40279,8,15,selected_baseline,7.599452988026778
GSE40279,8,15,source,6.841620134584831
GSE40279,8,15,target_ridge,11.987177831587363
GSE40279,8,16,affine,6.714826188267973
GSE40279,8,16,median,12.477272727272727
GSE40279,8,16,meta_augmented,6.730017913074563
GSE40279,8,16,meta_no_augmentation,6.713380087770609
GSE40279,8,16,residual_linear,6.858474863872993
GSE40279,8,16,residual_rbf,6.858312120046511
GSE40279,8,16,selected_baseline,6.841620134584831
GSE40279,8,16,source,6.841620134584831
GSE40279,8,16,target_ridge,13.484123489241561
GSE40279,8,17,affine,7.506107065863625
GSE40279,8,17,median,14.098484848484848
GSE40279,8,17,meta_augmented,7.078949961864342
GSE40279,8,17,meta_no_augmentation,7.055710341028687
GSE40279,8,17,residual_linear,7.238328939670981
GSE40279,8,17,residual_rbf,7.238986402131875
GSE40279,8,17,selected_baseline,6.841620134584831
GSE40279,8,17,source,6.841620134584831
GSE40279,8,17,target_ridge,11.39487070065319
GSE40279,8,18,affine,6.79438625606549
GSE40279,8,18,median,12.053030303030303
GSE40279,8,18,meta_augmented,6.8177570147759194
GSE40279,8,18,meta_no_augmentation,6.807970992218432
GSE40279,8,18,residual_linear,6.873073522184288
GSE40279,8,18,residual_rbf,6.872648916517028
GSE40279,8,18,selected_baseline,6.841620134584831
GSE40279,8,18,source,6.841620134584831
GSE40279,8,18,target_ridge,10.361705064488639
GSE40279,8,19,affine,11.134472782266952
GSE40279,8,19,median,13.704545454545455
GSE40279,8,19,meta_augmented,9.728869732546965
GSE40279,8,19,meta_no_augmentation,9.66328749931548
GSE40279,8,19,residual_linear,7.505664614820962
GSE40279,8,19,residual_rbf,7.504513876329707
GSE40279,8,19,selected_baseline,11.464052704221434
GSE40279,8,19,source,6.841620134584831
GSE40279,8,19,target_ridge,11.464052704221434
GSE40279,16,0,affine,6.719379249200302
GSE40279,16,0,median,12.087121212121213
GSE40279,16,0,meta_augmented,6.6831692764918875
GSE40279,16,0,meta_no_augmentation,6.6613576801430305
GSE40279,16,0,residual_linear,6.728500343811886
GSE40279,16,0,residual_rbf,6.797998902854724
GSE40279,16,0,selected_baseline,6.728500343811886
GSE40279,16,0,source,6.841620134584831
GSE40279,16,0,target_ridge,9.062416832959297
GSE40279,16,1,affine,7.123607783533719
GSE40279,16,1,median,12.12689393939394
GSE40279,16,1,meta_augmented,6.976114523800144
GSE40279,16,1,meta_no_augmentation,6.918642998504897
GSE40279,16,1,residual_linear,6.264532120560626
GSE40279,16,1,residual_rbf,6.283413732715703
GSE40279,16,1,selected_baseline,6.264532120560626
GSE40279,16,1,source,6.841620134584831
GSE40279,16,1,target_ridge,9.198726513289854
GSE40279,16,2,affine,7.760412018942585
GSE40279,16,2,median,13.518939393939394
GSE40279,16,2,meta_augmented,7.218720309943271
GSE40279,16,2,meta_no_augmentation,7.17228202228013
GSE40279,16,2,residual_linear,6.689279694189752
GSE40279,16,2,residual_rbf,6.0955251854478565
GSE40279,16,2,selected_baseline,10.427512157802672
GSE40279,16,2,source,6.841620134584831
GSE40279,16,2,target_ridge,10.427512157802672
GSE40279,16,3,affine,8.773770451583248
GSE40279,16,3,median,14.556818181818182
GSE40279,16,3,meta_augmented,8.610508993768104
GSE40279,16,3,meta_no_augmentation,8.620063182312554
GSE40279,16,3,residual_linear,8.032217490687906
GSE40279,16,3,residual_rbf,8.046377322416944
GSE40279,16,3,selected_baseline,8.032217490687906
GSE40279,16,3,source,6.841620134584831
GSE40279,16,3,target_ridge,11.325007766738548
GSE40279,16,4,affine,8.217755101599678
GSE40279,16,4,median,13.901515151515152
GSE40279,16,4,meta_augmented,7.501072522731701
GSE40279,16,4,meta_no_augmentation,7.388929382822583
GSE40279,16,4,residual_linear,6.952995330371846
GSE40279,16,4,residual_rbf,6.967161030048212
GSE40279,16,4,selected_baseline,9.502234133844654
GSE40279,16,4,source,6.841620134584831
GSE40279,16,4,target_ridge,9.502234133844654
GSE40279,16,5,affine,10.219023543625799
GSE40279,16,5,median,15.590909090909092
GSE40279,16,5,meta_augmented,7.744493682004755
GSE40279,16,5,meta_no_augmentation,7.909296206064741
GSE40279,16,5,residual_linear,7.376315734295473
GSE40279,16,5,residual_rbf,7.3746615433392
GSE40279,16,5,selected_baseline,6.841620134584831
GSE40279,16,5,source,6.841620134584831
GSE40279,16,5,target_ridge,11.347579202259908
GSE40279,16,6,affine,6.818786568088347
GSE40279,16,6,median,12.053030303030303
GSE40279,16,6,meta_augmented,6.594863015022703
GSE40279,16,6,meta_no_augmentation,6.549991356563993
GSE40279,16,6,residual_linear,6.680978477866162
GSE40279,16,6,residual_rbf,6.678419275552939
GSE40279,16,6,selected_baseline,6.841620134584831
GSE40279,16,6,source,6.841620134584831
GSE40279,16,6,target_ridge,10.148469986259531
GSE40279,16,7,affine,7.168463106843483
GSE40279,16,7,median,12.306818181818182
GSE40279,16,7,meta_augmented,6.701224486356963
GSE40279,16,7,meta_no_augmentation,6.579787199870361
GSE40279,16,7,residual_linear,7.085521930271925
GSE40279,16,7,residual_rbf,6.897292497456418
GSE40279,16,7,selected_baseline,7.085521930271925
GSE40279,16,7,source,6.841620134584831
GSE40279,16,7,target_ridge,8.629001693686932
GSE40279,16,8,affine,6.95121591687708
GSE40279,16,8,median,13.164772727272727
GSE40279,16,8,meta_augmented,6.974619506321652
GSE40279,16,8,meta_no_augmentation,6.916579577675865
GSE40279,16,8,residual_linear,7.55226917364012
GSE40279,16,8,residual_rbf,7.622287118447445
GSE40279,16,8,selected_baseline,7.55226917364012
GSE40279,16,8,source,6.841620134584831
GSE40279,16,8,target_ridge,8.831551782542084
GSE40279,16,9,affine,7.558950797030947
GSE40279,16,9,median,13.164772727272727
GSE40279,16,9,meta_augmented,7.470008372765424
GSE40279,16,9,meta_no_augmentation,7.382834391550114
GSE40279,16,9,residual_linear,7.487698092592527
GSE40279,16,9,residual_rbf,7.093543390947252
GSE40279,16,9,selected_baseline,7.093543390947252
GSE40279,16,9,source,6.841620134584831
GSE40279,16,9,target_ridge,10.901931490497347
GSE40279,16,10,affine,6.718947469030673
GSE40279,16,10,median,13.333333333333334
GSE40279,16,10,meta_augmented,6.726207412821873
GSE40279,16,10,meta_no_augmentation,6.7245166208694815
GSE40279,16,10,residual_linear,6.862537960677761
GSE40279,16,10,residual_rbf,6.855046609000809
GSE40279,16,10,selected_baseline,6.841620134584831
GSE40279,16,10,source,6.841620134584831
GSE40279,16,10,target_ridge,10.240566341909714
GSE40279,16,11,affine,10.804187464786825
GSE40279,16,11,median,12.166666666666666
GSE40279,16,11,meta_augmented,8.642001498233197
GSE40279,16,11,meta_no_augmentation,8.585971917010765
GSE40279,16,11,residual_linear,7.062818804016273
GSE40279,16,11,residual_rbf,8.113936947411293
GSE40279,16,11,selected_baseline,10.773650803590954
GSE40279,16,11,source,6.841620134584831
GSE40279,16,11,target_ridge,10.773650803590954
GSE40279,16,12,affine,7.075882761511116
GSE40279,16,12,median,12.700757575757576
GSE40279,16,12,meta_augmented,6.841688888415609
GSE40279,16,12,meta_no_augmentation,6.786532619320642
GSE40279,16,12,residual_linear,7.1173431415429755
GSE40279,16,12,residual_rbf,6.8462065521140065
GSE40279,16,12,selected_baseline,7.1173431415429755
GSE40279,16,12,source,6.841620134584831
GSE40279,16,12,target_ridge,10.027296281999773
GSE40279,16,13,affine,6.860950498265611
GSE40279,16,13,median,14.098484848484848
GSE40279,16,13,meta_augmented,6.773364345401284
GSE40279,16,13,meta_no_augmentation,6.754802343697195
GSE40279,16,13,residual_linear,6.7354300830936875
GSE40279,16,13,residual_rbf,6.726770325604611
GSE40279,16,13,selected_baseline,6.841620134584831
GSE40279,16,13,source,6.841620134584831
GSE40279,16,13,target_ridge,10.368359687999071
GSE40279,16,14,affine,7.201070639695478
GSE40279,16,14,median,14.098484848484848
GSE40279,16,14,meta_augmented,7.141172969192454
GSE40279,16,14,meta_no_augmentation,7.189143409271722
GSE40279,16,14,residual_linear,7.192153621558562
GSE40279,16,14,residual_rbf,7.186793361356604
GSE40279,16,14,selected_baseline,7.192153621558562
GSE40279,16,14,source,6.841620134584831
GSE40279,16,14,target_ridge,9.958005988218783
GSE40279,16,15,affine,8.260636481393659
GSE40279,16,15,median,12.087121212121213
GSE40279,16,15,meta_augmented,8.092107334270349
GSE40279,16,15,meta_no_augmentation,7.996010525770623
GSE40279,16,15,residual_linear,6.530089426986342
GSE40279,16,15,residual_rbf,6.6118039058576805
GSE40279,16,15,selected_baseline,6.6118039058576805
GSE40279,16,15,source,6.841620134584831
GSE40279,16,15,target_ridge,7.854657196230584
GSE40279,16,16,affine,6.822829225402092
GSE40279,16,16,median,12.236742424242424
GSE40279,16,16,meta_augmented,6.759783664595998
GSE40279,16,16,meta_no_augmentation,6.762126892401335
GSE40279,16,16,residual_linear,6.501991625327487
GSE40279,16,16,residual_rbf,6.635786891300903
GSE40279,16,16,selected_baseline,6.635786891300903
GSE40279,16,16,source,6.841620134584831
GSE40279,16,16,target_ridge,8.733260696210111
GSE40279,16,17,affine,7.741262739726966
GSE40279,16,17,median,12.477272727272727
GSE40279,16,17,meta_augmented,7.330712935427703
GSE40279,16,17,meta_no_augmentation,7.332093888625518
GSE40279,16,17,residual_linear,7.45953638930409
GSE40279,16,17,residual_rbf,7.559450627786224
GSE40279,16,17,selected_baseline,6.841620134584831
GSE40279,16,17,source,6.841620134584831
GSE40279,16,17,target_ridge,10.156057575391157
GSE40279,16,18,affine,7.143261751847669
GSE40279,16,18,median,12.166666666666666
GSE40279,16,18,meta_augmented,7.133765326951784
GSE40279,16,18,meta_no_augmentation,7.111031061358797
GSE40279,16,18,residual_linear,7.228642403850454
GSE40279,16,18,residual_rbf,7.224441304296841
GSE40279,16,18,selected_baseline,7.224441304296841
GSE40279,16,18,source,6.841620134584831
GSE40279,16,18,target_ridge,10.499763412504315
GSE40279,16,19,affine,8.148619864138858
GSE40279,16,19,median,12.477272727272727
GSE40279,16,19,meta_augmented,7.953000673836384
GSE40279,16,19,meta_no_augmentation,7.970867429137455
GSE40279,16,19,residual_linear,7.226456179322644
GSE40279,16,19,residual_rbf,7.423053423821932
GSE40279,16,19,selected_baseline,9.942799670384183
GSE40279,16,19,source,6.841620134584831
GSE40279,16,19,target_ridge,9.942799670384183
GSE40279,32,0,affine,6.658447148929313
GSE40279,32,0,median,12.12689393939394
GSE40279,32,0,meta_augmented,6.581224685481563
GSE40279,32,0,meta_no_augmentation,6.496202544554967
GSE40279,32,0,residual_linear,6.196382234823686
GSE40279,32,0,residual_rbf,6.228521704349408
GSE40279,32,0,selected_baseline,6.228521704349408
GSE40279,32,0,source,6.841620134584831
GSE40279,32,0,target_ridge,7.704033761744394
GSE40279,32,1,affine,7.184698376294094
GSE40279,32,1,median,12.12689393939394
GSE40279,32,1,meta_augmented,7.019702471279853
GSE40279,32,1,meta_no_augmentation,6.984568691043757
GSE40279,32,1,residual_linear,6.232256834492092
GSE40279,32,1,residual_rbf,6.228991324558465
GSE40279,32,1,selected_baseline,7.184698376294094
GSE40279,32,1,source,6.841620134584831
GSE40279,32,1,target_ridge,7.77330282906322
GSE40279,32,2,affine,6.908949795224662
GSE40279,32,2,median,12.392045454545455
GSE40279,32,2,meta_augmented,6.701390989778444
GSE40279,32,2,meta_no_augmentation,6.595192294210804
GSE40279,32,2,residual_linear,6.388644573756057
GSE40279,32,2,residual_rbf,6.214866800057076
GSE40279,32,2,selected_baseline,6.908949795224662
GSE40279,32,2,source,6.841620134584831
GSE40279,32,2,target_ridge,7.392293728780306
GSE40279,32,3,affine,6.874622335656252
GSE40279,32,3,median,13.164772727272727
GSE40279,32,3,meta_augmented,6.775219375285852
GSE40279,32,3,meta_no_augmentation,6.739464702341327
GSE40279,32,3,residual_linear,6.746148908772295
GSE40279,32,3,residual_rbf,6.611584142144631
GSE40279,32,3,selected_baseline,6.611584142144631
GSE40279,32,3,source,6.841620134584831
GSE40279,32,3,target_ridge,7.056095061305428
GSE40279,32,4,affine,7.814450306905234
GSE40279,32,4,median,12.477272727272727
GSE40279,32,4,meta_augmented,7.671510620966467
GSE40279,32,4,meta_no_augmentation,7.544544486580114
GSE40279,32,4,residual_linear,7.284673622277227
GSE40279,32,4,residual_rbf,7.052976248968345
GSE40279,32,4,selected_baseline,8.432745897487585
GSE40279,32,4,source,6.841620134584831
GSE40279,32,4,target_ridge,8.432745897487585
GSE40279,32,5,affine,6.705401858105811
GSE40279,32,5,median,12.848484848484848
GSE40279,32,5,meta_augmented,6.7308702805988405
GSE40279,32,5,meta_no_augmentation,6.718583660254765
GSE40279,32,5,residual_linear,6.81416148735651
GSE40279,32,5,residual_rbf,6.806333787032117
GSE40279,32,5,selected_baseline,6.806333787032117
GSE40279,32,5,source,6.841620134584831
GSE40279,32,5,target_ridge,8.766181233375418
GSE40279,32,6,affine,6.9116018905070895
GSE40279,32,6,median,12.236742424242424
GSE40279,32,6,meta_augmented,6.83499442558821
GSE40279,32,6,meta_no_augmentation,6.795296796980851
GSE40279,32,6,residual_linear,6.8445453570259955
GSE40279,32,6,residual_rbf,6.841482956990177
GSE40279,32,6,selected_baseline,6.841620134584831
GSE40279,32,6,source,6.841620134584831
GSE40279,32,6,target_ridge,8.963374877749182
GSE40279,32,7,affine,6.779324576807256
GSE40279,32,7,median,12.589015151515152
GSE40279,32,7,meta_augmented,6.584860189416426
GSE40279,32,7,meta_no_augmentation,6.459128070089127
GSE40279,32,7,residual_linear,6.207845910084359
GSE40279,32,7,residual_rbf,6.075224797473715
GSE40279,32,7,selected_baseline,6.207845910084359
GSE40279,32,7,source,6.841620134584831
GSE40279,32,7,target_ridge,7.028237221420392
GSE40279,32,8,affine,7.11659897789696
GSE40279,32,8,median,12.700757575757576
GSE40279,32,8,meta_augmented,7.018244366299845
GSE40279,32,8,meta_no_augmentation,6.956464497430115
GSE40279,32,8,residual_linear,6.511031445471865
GSE40279,32,8,residual_rbf,6.694289563140515
GSE40279,32,8,selected_baseline,6.694289563140515
GSE40279,32,8,source,6.841620134584831
GSE40279,32,8,target_ridge,7.534153790553134
GSE40279,32,9,affine,7.193042060578115
GSE40279,32,9,median,12.996212121212121
GSE40279,32,9,meta_augmented,7.033555155682152
GSE40279,32,9,meta_no_augmentation,6.938959532648034
GSE40279,32,9,residual_linear,6.684855140510492
GSE40279,32,9,residual_rbf,6.867325959011201
GSE40279,32,9,selected_baseline,7.193042060578115
GSE40279,32,9,source,6.841620134584831
GSE40279,32,9,target_ridge,7.332611367145348
GSE40279,32,10,affine,6.9923659173107025
GSE40279,32,10,median,12.12689393939394
GSE40279,32,10,meta_augmented,7.019672118419636
GSE40279,32,10,meta_no_augmentation,7.065220736854376
GSE40279,32,10,residual_linear,8.15431540094754
GSE40279,32,10,residual_rbf,7.611957456366146
GSE40279,32,10,selected_baseline,6.9923659173107025
GSE40279,32,10,source,6.841620134584831
GSE40279,32,10,target_ridge,9.451686765685253
GSE40279,32,11,affine,7.346644963687791
GSE40279,32,11,median,12.166666666666666
GSE40279,32,11,meta_augmented,7.3119939576835735
GSE40279,32,11,meta_no_augmentation,7.279279103379051
GSE40279,32,11,residual_linear,6.807032618361219
GSE40279,32,11,residual_rbf,7.292530800350091
GSE40279,32,11,selected_baseline,7.292530800350091
GSE40279,32,11,source,6.841620134584831
GSE40279,32,11,target_ridge,9.631817093856395
GSE40279,32,12,affine,6.795825049098752
GSE40279,32,12,median,12.236742424242424
GSE40279,32,12,meta_augmented,6.7620224775211595
GSE40279,32,12,meta_no_augmentation,6.611328248280056
GSE40279,32,12,residual_linear,6.9248427471682845
GSE40279,32,12,residual_rbf,6.90015849876943
GSE40279,32,12,selected_baseline,9.026114626180991
GSE40279,32,12,source,6.841620134584831
GSE40279,32,12,target_ridge,9.026114626180991
GSE40279,32,13,affine,7.155002397431599
GSE40279,32,13,median,13.704545454545455
GSE40279,32,13,meta_augmented,6.9854285125151625
GSE40279,32,13,meta_no_augmentation,6.9247317887632045
GSE40279,32,13,residual_linear,5.876240899273875
GSE40279,32,13,residual_rbf,5.8048057248039004
GSE40279,32,13,selected_baseline,5.8048057248039004
GSE40279,32,13,source,6.841620134584831
GSE40279,32,13,target_ridge,7.376240607680043
GSE40279,32,14,affine,6.806536502012518
GSE40279,32,14,median,12.166666666666666
GSE40279,32,14,meta_augmented,6.802100409654155
GSE40279,32,14,meta_no_augmentation,6.793130511457345
GSE40279,32,14,residual_linear,6.886806754926582
GSE40279,32,14,residual_rbf,6.87700032275238
GSE40279,32,14,selected_baseline,6.841620134584831
GSE40279,32,14,source,6.841620134584831
GSE40279,32,14,target_ridge,7.847614069682388
GSE40279,32,15,affine,7.248203922646153
GSE40279,32,15,median,12.12689393939394
GSE40279,32,15,meta_augmented,7.142932509811192
GSE40279,32,15,meta_no_augmentation,7.005943135054273
GSE40279,32,15,residual_linear,6.094887791175273
GSE40279,32,15,residual_rbf,6.265343224784082
GSE40279,32,15,selected_baseline,6.265343224784082
GSE40279,32,15,source,6.841620134584831
GSE40279,32,15,target_ridge,6.597527529912494
GSE40279,32,16,affine,7.233195289021536
GSE40279,32,16,median,12.477272727272727
GSE40279,32,16,meta_augmented,6.994672883127876
GSE40279,32,16,meta_no_augmentation,6.915367023804411
GSE40279,32,16,residual_linear,6.483885950296522
GSE40279,32,16,residual_rbf,6.642113412868818
GSE40279,32,16,selected_baseline,6.483885950296522
GSE40279,32,16,source,6.841620134584831
GSE40279,32,16,target_ridge,7.450712953280152
GSE40279,32,17,affine,7.211098089877447
GSE40279,32,17,median,12.236742424242424
GSE40279,32,17,meta_augmented,7.079460374489025
GSE40279,32,17,meta_no_augmentation,6.997117093938959
GSE40279,32,17,residual_linear,6.531017720697563
GSE40279,32,17,residual_rbf,6.393579183538114
GSE40279,32,17,selected_baseline,7.211098089877447
GSE40279,32,17,source,6.841620134584831
GSE40279,32,17,target_ridge,7.998053303444043
GSE40279,32,18,affine,6.756174017763102
GSE40279,32,18,median,12.236742424242424
GSE40279,32,18,meta_augmented,6.667814768399872
GSE40279,32,18,meta_no_augmentation,6.631012512139626
GSE40279,32,18,residual_linear,6.791471097430973
GSE40279,32,18,residual_rbf,6.786040369982638
GSE40279,32,18,selected_baseline,6.841620134584831
GSE40279,32,18,source,6.841620134584831
GSE40279,32,18,target_ridge,6.711847617029471
GSE40279,32,19,affine,7.477751039732366
GSE40279,32,19,median,12.477272727272727
GSE40279,32,19,meta_augmented,7.281109038083716
GSE40279,32,19,meta_no_augmentation,7.245238650107571
GSE40279,32,19,residual_linear,6.788729947152586
GSE40279,32,19,residual_rbf,6.86333991099948
GSE40279,32,19,selected_baseline,9.073685589756998
GSE40279,32,19,source,6.841620134584831
GSE40279,32,19,target_ridge,9.073685589756998
